code,libelle,type_officiel,region,adresse
010002,CHP NAKI EST,HOPITAL DE DISTRICT,SAVANES,NAKI EST
010004,USP TANMBONGA,USP type I,SAVANES,TANMBONGA
010005,USP BAGRE,USP type I,SAVANES,BAGRE
010006,USP BORGOU,USP type I,SAVANES,BORGOU
010007,USP KOUNDJOARE,USP type I,SAVANES,KOUNDJOARE
010008,USP KWAMPIT-BONG,USP type I,SAVANES,KWAMPIT-BONG
010009,USP NAMOUNDJOGA,USP type II,SAVANES,NAMOUNDJOGA
010010,USP PAPRI,USP type I,SAVANES,PAPRI
010011,USP POGNO,USP type I,SAVANES,POGNO
010012,USP TAMBONGA,USP type I,SAVANES,TAMBONGA
010013,USP TCHIMOURI,USP type I,SAVANES,TCHIMOURI
010014,CHP GANDO,HOPITAL DE DISTRICT,SAVANES,GANDO
010015,CMS BARKOISSI,USP type II,SAVANES,BARKOISSI
010016,CHP MANGO,HOPITAL DE DISTRICT,SAVANES,MANGO
010017,USP FARE,USP type I,SAVANES,FARE
010018,USP GALANGASHIE,USP type I,SAVANES,GALANGASHIE
010019,USP KOUMONGOU,USP type I,SAVANES,KOUMONGOU
010020,USP KOUNTOIRE,USP type I,SAVANES,KOUNTOIRE
010021,USP MOGOU,USP type I,SAVANES,MOGOU
010022,USP NAGBENI,USP type I,SAVANES,NAGBENI
010023,USP SADORI,USP type I,SAVANES,SADORI
010024,USP SAGBENI,USP type I,SAVANES,SAGBENI
010025,USP TAKPAMBA,USP type I,SAVANES,TAKPAMBA
010026,USP TAKPAPIENI,USP type I,SAVANES,TAKPAPIENI
010027,USP TCHAMONGA,USP type I,SAVANES,TCHAMONGA
010028,USP TCHANAGA,USP type I,SAVANES,TCHANAGA
010029,CMS BOMBOUAKA,USP type II,SAVANES,BOMBOUAKA
010030,POLYCLINIQUE TANDJOARE,HOPITAL DE DISTRICT,SAVANES,TANDJOARE
010031,CMS BOGOU,USP type II,SAVANES,BOGOU
010033,USP LOKO,USP type I,SAVANES,LOKO
010034,USP LOKPANO,USP type I,SAVANES,LOKPANO
010035,CMS NANO,USP type II,SAVANES,NANO
010036,USP NASSONGUE,USP type I,SAVANES,NASSONGUE
010037,USP NATIGOU,USP type I,SAVANES,NATIGOU
010038,USP NAYERGOU,USP type I,SAVANES,NAYERGOU
010039,USP PLIGOU,USP type I,SAVANES,PLIGOU
010040,USP SISSIAK,USP type I,SAVANES,SISSIAK
010041,USP TAMPIALIM,USP type I,SAVANES,TAMPIALIM
010042,USP YEMBOUR,USP type I,SAVANES,YEMBOUR
010044,CHR DAPAONG,CHR,SAVANES,DAPAOND
010046,2APSCO/CMS DALWAK,USP type II,SAVANES,DALWAK
010047,USP BIDJENGA,USP type I,SAVANES,BIDJENGA
010048,BOADE,USP type I,SAVANES,BOADE
010049,USP BOUGOU,USP type I,SAVANES,BOUGOU
010050,CHP CINKASSE,HOPITAL DE DISTRICT,SAVANES,CINKASSE
010051,CMA (FAMILLES FAT),USP type I,SAVANES,DAPAONG
010052,CMF (CAMP NIOUKPOURMA),USP type I,SAVANES,DAPAONG
010053,USP KANTINDI,USP type I,SAVANES,KANTINDI
010054,CMS KORBONGOU,USP type II,SAVANES,KORBONGOU
010055,USP KOURIENTRE,USP type I,SAVANES,KOUTRIENTE
010056,USP LOTOGOU,USP type I,SAVANES,LOTOGOU
010057,MAKOU,USP type I,SAVANES,MAKOU
010058,CMS NAKI OUEST,USP type II,SAVANES,NAKI OUEST
010059,USP NANERGOU,USP type I,SAVANES,NANERGOU
010060,USP NIOUKPOURMA,USP type I,SAVANES,NOUKPOURMA
010061,USP PANA,USP type I,SAVANES,PANA
010062,USP PANA-BAGOU,USP type I,SAVANES,PANABAGOU
010064,USP TABI,USP type I,SAVANES,TABI
010065,USP SANFATOUTE,USP type I,SAVANES,SANFATOUTE
010066,TAMI,USP type I,SAVANES,TAMI
010068,CLINIQUE WIN PANG,CHU,SAVANES,DAPAONG / MELINA
010070,USP WARKAMBOU,USP type I,SAVANES,WARKAMBOU
010072,CHP MANDOURI,HOPITAL DE DISTRICT,SAVANES,MANDOURI
010073,POLYCLINIQUE DE DAPAONG,HOPITAL DE DISTRICT,SAVANES,
010074,CMS TIMBOU,USP type II,SAVANES,
010075,USP NADJUNDI,USP type I,SAVANES,
010076,TANTIGOU,HOPITAL DE DISTRICT,SAVANES,
010077,NIOUPOURMA,USP type I,SAVANES,
010078,USP YEMBOUATE,USP type I,SAVANES,
010079,USP MAMPOUG,USP type I,SAVANES,
010080,USP DOUKPELOU,USP type I,SAVANES,
010081,CMS SAGBIEBOU,USP type II,SAVANES,SAGBIEBOU
010082,USP NALI,USP type I,SAVANES,NALI
010083,USP TONTONDI,USP type I,SAVANES,TONTONDI
010085,USP MALGBANGOU,USP type I,SAVANES,
010086,YEMBOATE,USP type I,SAVANES,
010087,DAMPIONG,USP type I,SAVANES,
010088,BIANKOURI,USP type I,SAVANES,
010089,NADJUNDI,USP type I,SAVANES,
010090,HOPITAL D'ENFANTS YENDUBE,USP type I,SAVANES,
010091,USP MAMPROUGOU,USP type I,SAVANES,USP MAMPROUGOU commune de Tandjouare 1
010092,PMI BOGOU,USP type I,SAVANES,
010093,USP PANSIERI,USP type I,SAVANES,
010094,OGARO,USP type I,SAVANES,
010095,USP KANKANGOU,USP type I,SAVANES,USP KANKANGOU OTI 2
010096,ST DOMINIQUE,USP type I,SAVANES,
010097,CMA DAPAONG,HOPITAL DE DISTRICT,SAVANES,Dapaong
010098,PHARMACIE SAVANA DE DAPAONG,PHARMACIE,SAVANES,
010099,PHARMACIE LE SAUVEUR DE DAPAONG,PHARMACIE,SAVANES,
010102,DEPOT PHARMACEUTIQUE WEND BARKA,PHARMACIE,SAVANES,
010103,CRAO DAPAONG,CENTRE D'APPAREILLAGE,SAVANES,
010104,DEPOT PHARMACEUTIQUE MANDOURI,DEPOT PHARMACIE,SAVANES,BP 87 DAPAONG
010105,DEPOT PHARMACEUTIQUE LAMOYA,DEPOT PHARMACIE,SAVANES,BP 87 DAPAONG
010107,DEPOT PHARMACEUTIQUE SANTE PLUS MANGO,DEPOT PHARMACIE,SAVANES,
010108,USP SAM NABA,USP type I,SAVANES,CINKASSE
010109,CMS SOS DAPAONG,USP type II,SAVANES,"Dapaong, quartier Nassablé M. TCHABLI Rémi Léne, CV Manager par intérim"
010110,CENTRE D'APPAREILLAGE SAINT LOUIS ORIONE,CENTRE D'APPAREILLAGE,SAVANES,BOMBOUAKA
010111,CMS SAINT DOMINIQUE DE MANGO,USP type II,SAVANES,Soeur Christine ANLEKA saindom2@gmail.com
010112,CMS SAINT JOSEPH DE BOGOU,HOPITAL DE DISTRICT,SAVANES,SOEUR NAZARENA GRECE/BP 25 BOMBOUAKA
010113,DEPOT PHARMACEUTIQUE DE LA GARE ROUTIERE DE MANGO,DEPOT PHARMACIE,SAVANES,MANGO QUATIER ADMINISTRATIF
010114,ASSOCIATION SAC- SANTE/CMS SAINT LUC,HOPITAL DE DISTRICT,SAVANES,DAPAONG QTIER NALOLGUE CONV LE 10 04 2015
010115,POSTE DE COLLECTE,CHR,SAVANES,Enceinte du CHR DAPAONG ET DE DISTRIBUTION (PCD) DAPAONG
010116,CENTRE MEDICO CHIRURGICALE SAINT LOUIS ORIONE,HOPITAL DE DISTRICT,SAVANES,BOMBOUAKA
010117,CMS DAPANKPERGOU,USP type II,SAVANES,DAPANKPERGOU
010118,CMS KOUNTONGBONG,USP type II,SAVANES,KOUNTONGBONG
010119,USP IDONDJOAG,USP type I,SAVANES,INONDJOAG
010120,USP NAMARE,USP type I,SAVANES,
010121,USP POISSONGUI,USP type I,SAVANES,
010125,USP TANIKAGOU,USP type I,SAVANES,TANIKAGOU
010126,USP TCHIEGLE,USP type I,SAVANES,
010127,USP YENDONG,USP type I,SAVANES,YENDONG
010128,Infirmerie de la CNSS DAPAONG,USP type I,SAVANES,TCHAO Essohanam
010129,Infirmerie de l'ENI Dapaong,USP type I,SAVANES,"M. DOUTI Mindame, Infirmier Auxiliaire d'Etat"
010130,USP NADONGUE,USP type I,SAVANES,"M. MAKPALIBE Nhanlite, Infirmier Auxiliaire d'Etat, Responsable"
010131,USP TANABE,USP type I,SAVANES,
010132,USP DJARINGUE,USP type I,SAVANES,"M. KOLANI Doubik, Infirmier Auxiliaire d'Etat, Responsable"
010133,INFIRMERIE DE LA PRISON CIVILE DE DAPAONG,USP type I,SAVANES,"M. YANDJA Joseph, Infirmier de la prison M. MANTEY, Chef de détachement"
010134,PHARMACIE DU TONE,PHARMACIE,SAVANES,"Dr KATANGA-KOKOLOU Wiyao, Pharmacien Qtier Nassable, carrefour BTD"
010135,USP MARGBA,USP type I,SAVANES,Margba - Centre
010136,USP OGARO CENTRE,USP type I,SAVANES,OGARO-CENTRE
010137,HOPITAL D'ENFANTS YENDUBE,CHR,SAVANES,"Quartier TANTIGOU, Dapaong Sœur AWIZOBA Tchilalo Angèle Marie Directrice de l'hôpital"
010138,CMS YENDUBE,USP type II,SAVANES,"Centre situé près du CMS Korbongou, Sœur DAYO Sénamé Catherine, Infirmière diplômée d'Etat, Directrice du centre"
010139,CMS SOURCE DE VIE DIVINE,USP type II,SAVANES,"Dapaong, Centre situé dans le quartier Haoussa Zongo à 2 km de la grande mosquée Mme TCHABLY Nambikoi, Technicienne Supérieure en Développement Loca"
010140,PHARMACIE LAFE ZAKA,PHARMACIE,SAVANES,"""Cinkassé, quartier Kourein'dé en face de la station TOTAL CINKASSE 2 Dr DOUTI Kyèb, Docteur en pharmacie, Titulaire et Responsable de la pharmacie"""
010141,CMS MAGUY,HOPITAL DE DISTRICT,SAVANES,"""Dapaong, quartier tuomone M. HOUNKPATI Kokouda, Assistant médical, Responsable du centre"""
010142,DEPOT DE PHARMACIE DAMBE,DEPOT PHARMACIE,SAVANES,"Timbou, quartier Cikourmi, M. KAFESSIMA Kaliwa, Infirmier diplômé d'Etat à la retraite, Titulaire et Responsable du dépôt"
010143,HOPITAL BRAUN,CHU,SAVANES,"Cinkassé, canton de Tabi, quartier Kpandjoura-Timbou Dr DOTSE Bayake Awania Su Keya, Médecin en Santé publique, Directeur de l'hôpital"
010144,USP KEREKETE,USP type I,SAVANES,KEREKETE
010145,USP KOUMONGOUKAN,USP type I,SAVANES,KOUMONGOUKAN
010146,USP BAOULE,USP type I,SAVANES,"Gando, Baoulé, quartier Baoulé Centre"
010147,CLINIQUE HACHIMYA SANTE ET VIE,CHU,SAVANES,"Cinkassé, quartier Mossi, non loin de la radio LAGAM TAABA Dr ALASSANI Mohamed Cissé, Médecin Gynécologue-Obstétricien, Titulaire et Responsable du C"
010148,INFIRMERIE DE LA PRISON CIVILE DE MANGO,USP type I,SAVANES,"Mango, quartier Administratif"
010149,USP LOKO- NASSONGUE,USP type I,SAVANES,"Village LOKO-NASSONGUE M. NAM LENGA Pakidame, Responsable du centre"
010150,USP MANTCHE,USP type I,SAVANES,"""Village MANTCHE M. TCHANGAI Tchala Pyabalo D. J., Responsable du Centre"""
010151,USP DJIGNANDJOAGA,USP type I,SAVANES,"Djignandjoaga, Nantongue M. DJOUALE Bamite, Responsable du centre"
010152,CLINIQUE VISION VALIDE,CHU,SAVANES,"Dapaong, route nationale N° 1, à 100 m du carrefour ORABANK non loin de la Direction régionale du commerce Dr TCHODJOOU Tchilabalo, Médecin ophtalmolo"
010153,PHARMACIE SAMBONE,PHARMACIE,SAVANES,"Dapaong, quartier worgou en face du CRETFP ; Dr KARKA Wayéouwalakasse, Titulaire et Responsable de la pharmacie"
010154,USP SOUNSOURI,USP type I,SAVANES,
010155,USP KPIERIK,USP type I,SAVANES,KPIERIK
010156,USP TAMATOUGOU,USP type I,SAVANES,Tamatougou non loin du CEG
010157,USP LOUANGA,USP type I,SAVANES,LOUANGA
010158,CMS DIVINE PROVIDENCE,USP type II,SAVANES,Barkoissi
010159,PHARMACIE DAPAONG,PHARMACIE,SAVANES,"Dapaong, route nationale N° 1, quartier Natbagou à 300 m du carrefour Carnaval"
010160,ADS-TOGO,USP type I,SAVANES,VILLAGE DE KORBONGOU
010161,CLINIQUE D'ACCOUCHEMENT EUTOCIQUE MERE- ENFANT LAAFI,USP type II,SAVANES,Dapaong quartier NATEBAGOU
010162,CENTRE HOSPITALIER DES ARMEES DE DAPAONG,HOPITAL DE DISTRICT,SAVANES,Napienbougou
010163,CLINIQUE D'ACCOUCHEMENT EUTOCIQUE MARIE MISERICORDE,USP type II,SAVANES,NADEGRE
010164,CABINET D'ASSISTANT MEDICAL GRAZIELLA MED,USP type II,SAVANES,Face maison des jeunes Saint Kisito
010165,CENTRE MEDICAL DES ARMEES DE MANGO,USP type II,SAVANES,Mango en face de l'hôpital excellence
010166,CABINET DE SOINS INFIRMIER FIELTOUA LE SAUVEUR,USP type I,SAVANES,Worgou
010167,USP KPOKOU,USP type I,SAVANES,
010168,USP N'GAMBI,USP type I,SAVANES,Gando
010169,USP N'FOUTCHE,USP type I,SAVANES,Takpamba
010170,USP GBANTCHAL,USP type I,SAVANES,Gbantchal (Mandouri)
010171,USP KANGOUNOU,USP type I,SAVANES,Kangounou
010172,INFIRMERIE SCOLAIRE DU,USP type I,SAVANES,Worgou CENTRE REGIONAL D'ENSEIGNEMENT TECHNIQUE ET DE FORMATION PROFESSIONELLE (CRETFP) DE DAPAONG
020004,CHP BAFILO,HOPITAL DE DISTRICT,KARA,
020005,USP BOULADE,USP type I,KARA,BOULADE
020006,USP DACKO,USP type I,KARA,DACKO
020007,USP GANDE,USP type I,KARA,GANDE
020008,USP GNIGUELIA,USP type I,KARA,GNIGUELIA
020009,USP KOUMONDE,USP type I,KARA,KOUMONDE
020010,USP SOUDOU,USP type I,KARA,SOUDOU
020011,CMS KABOU,USP type II,KARA,KABOU
020012,CHP BASSAR,HOPITAL DE DISTRICT,KARA,BASSAR
020013,USP SANDA AFOHOU,USP type I,KARA,AFFOHOU
020014,USP BAGHAN,USP type I,KARA,BAGHAN
020015,USP BANGELI,USP type I,KARA,BANGELI
020016,USP BINAPARBA,USP type I,KARA,BINAPARBA
020018,USP BITCHABE,USP type I,KARA,BITCHABE
020019,USP BYAKPABE,USP type I,KARA,BYAKPABE
020020,USP ADABAWERE,USP type II,KARA,ADABAWERE
020021,USP DIMORI,USP type I,KARA,DIMORI
020022,USP KABOU SARA,USP type I,KARA,KABOU SARA
020024,USP KOUNDOUM,USP type I,KARA,KOUNDOUM
020025,USP MANGA,USP type I,KARA,MANGA
020026,USP BEBEDA,USP type I,KARA,BEBEDA
020027,USP NANGBANI,USP type I,KARA,NANGBANI
020028,USP NATCHAMBA,USP type I,KARA,NATCHAMBA
020029,USP DJAMDE,USP type I,KARA,DJAMDE
020030,CMS SANDA KAGBANDA,USP type II,KARA,SANDA KAGBANDA
020032,USP KARA SUD,USP type I,KARA,KARA SUD
020033,USP TCHATCHAMINADE,USP type I,KARA,TCHATCHAMINADE
020034,USP KPINDI,USP type I,KARA,KPINDI
020035,CMS KETAO,USP type II,KARA,KETAO
020036,USP LAMA GNANGBADE,USP type I,KARA,LAMA GNANGBADE
020037,CMS KOYORIA,USP type II,KARA,KOYORIA
020038,USP LAMA KPEDAH,USP type I,KARA,LAMA KPEDAH
020039,USP SIRKA,USP type I,KARA,SIRKA
020040,USP LAMA SAHOUDE,USP type I,KARA,LAMA SAHOUDE
020041,CHP PAGOUDA,HOPITAL DE DISTRICT,KARA,PAGOUDA
020043,USP ASSERE,USP type I,KARA,ASSERE
020044,USP BANWARE,USP type I,KARA,BANWARE
020047,USP LANDA,USP type I,KARA,LANDA
020048,USP BINAH-NOH,USP type I,KARA,BINAH-NOH
020049,USP LANDA POZENDA,USP type I,KARA,LANDA POZENDA
020050,USP BOUFALE,USP type I,KARA,BOUFALE
020052,USP PYA HODO,USP type I,KARA,PYA HODO
020053,USP PYA PITAH,USP type II,KARA,PYA PITAH
020055,USP SARA KAWA,USP type I,KARA,SARA KAWA
020056,USP KEMERIDA,USP type I,KARA,KEMERIDA
020057,USP SOUMDINA-BAS,USP type I,KARA,USP SOUMDINA-BAS
020058,USP N'DJEI,USP type I,KARA,N'DJEI
020059,USP PESSARE,USP type I,KARA,PESARE
020060,USP SOUMDINA HAUT,USP type I,KARA,SOUMDINA HAUT
020061,USP SOLLA,USP type I,KARA,SOLLA
020062,USP SOMDE,USP type I,KARA,SOMDE
020064,CHP GUERIN KOUKA,HOPITAL DE DISTRICT,KARA,GUERIN KOUKA
020065,USP BAPURE,USP type I,KARA,BAPURE
020066,USP KATCHAMBA,USP type I,KARA,KATCHEMBA
020067,USP KOULFIEKOU-,USP type I,KARA,KOUKFIEKOU
020068,USP KOUTIERE,USP type I,KARA,KOUTIERE
020069,USP KPETAO,USP type I,KARA,KPETAO
020070,USP NAMON,USP type I,KARA,NAMON
020071,USP NANDOUTA,USP type I,KARA,NANDOUTA
020072,USP NATCHITIKPI,USP type I,KARA,
020073,USP NAWARE,USP type I,KARA,NAWARE
020074,USP POSSAO,USP type I,KARA,POSSAO
020075,USP SOLIDARITE,USP type I,KARA,SOLIDARITE
020076,USP KIDJABOUN,USP type I,KARA,KIDJABOUN
020077,CMS BROUKOU,USP type II,KARA,BROUKOU
020078,CMS DEFALE,USP type II,KARA,DEFALE
020079,CMS SIOU,USP type II,KARA,SIOU
020080,HOPITAL NIAMTOUGOU,HOPITAL DE DISTRICT,KARA,NIAMTOUGOU
020081,Centre médical des Armées Base Chasse de Niamtougou (CMA BCN),HOPITAL DE DISTRICT,KARA,NIAMTOUGOU
020082,INFIRMERIE DE LA SALT,USP type I,KARA,NIAMTOUGOU
020083,USP AGOUNDE,USP type I,KARA,AGOUNDE
020084,USP ALLOUM,USP type I,KARA,ALLOUM
020085,USP ANIMA,USP type I,KARA,ANIMA
020086,USP ANIMADE,USP type I,KARA,ANIMADE
020087,USP BONTIGA,USP type I,KARA,BONTIGA
020088,USP KADJALLA,USP type I,KARA,KADJALLA
020089,USP KONFAGA,USP type I,KARA,KONFAGA
020090,USP KPAHA,USP type I,KARA,KPAHA
020091,USP LEON,USP type I,KARA,LEON
020092,USP MASSEDENA,USP type I,KARA,MASSEDENA
020093,USP POUDA,USP type I,KARA,POUDA
020094,USP TCHORE,USP type I,KARA,TCHORE
020095,USP TENEGA,USP type I,KARA,TENEGA
020096,CHP KANTE,HOPITAL DE DISTRICT,KARA,KANDE
020097,USP ATALOTE,USP type I,KARA,ATALOTE
020098,USP KOKOU- TEMBERMA,USP type I,KARA,KOKOU-TEMBERMA
020099,USP KOUTOUGOU,USP type I,KARA,KOTOUGOU
020100,USP NABOULGOU,USP type I,KARA,NABOULGOU
020101,USP NADOBA,USP type I,KARA,NADOBA
020102,USP OSSACRE,USP type I,KARA,OSSACRE
020103,USP PANGOUDA,USP type I,KARA,PANGOUDA
020104,USP KPESSIDE-,USP type I,KARA,KPESSIDE
020105,USP TAPOUNTE,USP type I,KARA,TAPOUNTE
020106,USP WARENGO,USP type I,KARA,WARENGO
020109,CMS ATCHANGBADE,USP type II,KARA,ATCHANGBADE
020110,CMS KOUMEA,USP type II,KARA,KOUMEA
020111,CMS PYA,USP type II,KARA,PYA
020112,CMS TCHARE,USP type II,KARA,TCHARE
020113,CMS TCHITCHAO,USP type II,KARA,TCHITCHAO
020114,CMS YADE BOHOU,USP type II,KARA,YADE BOHOU
020115,POLYCLINIQUE KARA,HOPITAL DE DISTRICT,KARA,KARA
020116,CRAO-KARA,CENTRE D'APPAREILLAGE,KARA,KARA VILLE
020117,CENTRE MEDICAL DES ARMEES REGIMENT PARACHUTISTE COMMANDO (CMA RPC),HOPITAL DE DISTRICT,KARA,KARA
020119,USP AWANDJELO,USP type I,KARA,AWADJELO
020120,USP FEODA-LAODA,USP type I,KARA,FEODA-LAODA
020121,USP LASSA-BAS,USP type I,KARA,LASSA-BAS
020122,USP LAMA-BOU,USP type I,KARA,LAMA-BOU
020126,USP PIYO-HOUDE,USP type I,KARA,PIYO-HOUDE
020127,CHR KARA,CHR,KARA,
020128,CHU KARA,CHU,KARA,Face Agence UTB Kara
020129,FARENDE,USP type II,KARA,
020130,CMS BAGA,USP type II,KARA,
020131,HELOTA,USP type II,KARA,
020133,USP MERE REGINA DE NAMPOCH,HOPITAL DE DISTRICT,KARA,
020134,KPETAB,USP type I,KARA,
020135,CMS HELOTA,USP type II,KARA,
020136,CMS TCHINTCHINDA,USP type II,KARA,
020137,USP TCHARE WIYAMDE,USP type I,KARA,
020138,USP LASSA-HOUDE,USP type I,KARA,
020140,U.K,INFIRMERIE,KARA,
020141,CMA EFOFAT,USP type I,KARA,
020143,CMS SAINT LUC DE TCHANNADE,USP type I,KARA,"Kara, Tchannadè"
020144,CENTRE MEDICAL DES ARMEES ECOLE DE FORMATION DES OFFICIERS DES FAT (CMA EFOFAT),USP type I,KARA,
020145,POSTE DE SECOURS COLLEGE MILITAIRE EYADEMA (PS CME),USP type II,KARA,
020147,EL - HOUDA,USP type I,KARA,
020148,USP D'ALEDJO,USP type I,KARA,
020149,CBRA,USP type I,KARA,
020150,PMI DE BIKPASSIBA,USP type I,KARA,
020151,CRN BROUKOU,USP type I,KARA,
020152,CRN DEFALE,USP type I,KARA,
020153,USP YAKA,USP type I,KARA,
020154,PMI SOS,HOPITAL DE DISTRICT,KARA,
020155,USP SANDA AFOHOU,USP type I,KARA,
020156,CRN HULMEN,USP type II,KARA,
020158,CMS ST KISITO DE KPATCHILE,USP type II,KARA,
020159,PHARMACIE ESPOIR DE KARA,PHARMACIE,KARA,
020160,PHARMACIE KARA CENTRE,PHARMACIE,KARA,
020161,PHARMACIE KOZAH,PHARMACIE,KARA,
020162,PHARMACIE LAFIA,PHARMACIE,KARA,
020163,PHARMACIE SANTE PLUS DE KARA,PHARMACIE,KARA,
020164,USP KAGNIGADA,USP type I,KARA,
020165,USP KPINZINDE,USP type I,KARA,
020166,PMI KARA,USP type I,KARA,
020167,PMI BANINDA,USP type I,KARA,
020168,USP KOULFIEKOU,USP type I,KARA,
020170,CABINET MEDICALE MA VIE,CHU,KARA,
020171,CLINIQUE TOUT EST GRACE,CHU,KARA,
020172,CABINET MEDICAL HIPPOCRATE DE KARA,CHU,KARA,
020173,USP PESSARE,USP type I,KARA,
020174,USP KPESSIDE,USP type I,KARA,
020175,USP FEOUDA LAOUDA,USP type I,KARA,
020176,USP LASSA BAS,USP type I,KARA,
020177,USP KOUYORIA,USP type I,KARA,KOUYORIA
020178,OLSF OPTIQUE,CENTRE DE LUNETTERIE,KARA,
020179,DEPOT OSSARA,DEPOT PHARMACIE,KARA,KANTE
020181,ATBEF - KARA,USP type II,KARA,
020182,CMS SANTE POUR TOUS,USP type II,KARA,"KARA, DON-BOSCO M. MANGBASSIM Toyi, Assistant médical, Responsable du centre"
020184,DEPOT ALAFIA KABOU,DEPOT PHARMACIE,KARA,KABOU
020185,PEDIATRIE KANTE,HOPITAL DE DISTRICT,KARA,KANTE
020186,HOPITAL MERE ET ENFANTS SOS KARA,CHU,KARA,"Kara, Lama Feing"
020187,CMS SAR AFRIQUE,USP type II,KARA,
020188,DEPOT PHARMACEUTIQUE DE NIAMTOUGOU,DEPOT PHARMACIE,KARA,"AUT N 028/01/MSP/DGSP/DPLET, BP 37717, SOUSSOU GOMAYENA"
020190,INFIRMERIE DES SAPEURS POMPIERS KARA,USP type II,KARA,
020191,PMI ST MARTIN,USP type II,KARA,KETAO
020192,OPTIQUE VISION CLAIRE KARA,CENTRE DE LUNETTERIE,KARA,L AMAH DERRIERE ECOLE CENTRALE DE KARA
020193,CABINET MEDICAL LA FRATERNITE,CHU,KARA,"Dr TCHEROU Tchaa KARA, DONGOYO"
020194,POSTE DE COLLECTE ET DE DISTRIBUTION (PCD) KARA,CHR,KARA,enceinte du CHU KARA
020195,DISPENSAIRE ST JEAN PAUL II YAKA,USP type I,KARA,"Sœur Cécile AFAVI, Directrice Yaka/Niamtougou"
020196,DEPOT PHARMACEUTIQUE J- ROPHEKA,DEPOT PHARMACIE,KARA,"M. GOBI Baba Traoré, responsable du dépôt"
020197,PHARMACIE DE LA KOZAH,PHARMACIE,KARA,"Kara, quartier EWAOU, face BCEAO Dr KADJA Yao, Pharmacien, Titulaire et Responsable de la Pharmacie"
020198,Infirmerie de la CNSS KARA,USP type I,KARA,AMOUZOU Kokouvi
020199,DEPOT PHARMACEUTIQUE SAUVEUR DE NABEDE,DEPOT PHARMACEUTIQUE,KARA,"Kara, rond-point Pya-Lao"
020200,CABINET MEDICAL MAMAN,CHR,KARA,"Kara, Quartier Tomdè, côté Est de l'Hôtel LEOTA et à 500m environ du nouveau grand marché Dr KARABOU Koffi Potchoziou, Médecin de santé publique"
020201,CMS DE LA PRISON CIVILE DE BASSAR,USP type I,KARA,"M. AGBETOWOFANA Yaovi, Surveillant en Chef de la Prison M. FIAWODJI Koku Apelete, Infirmier des CSAP, Responsable du CMS"
020202,PHARMACIE RENAISSANCE,PHARMACIE,KARA,"Kara-Sud, Nationale N° 1, à environ 400 m de l'hôtel MIRA Dr BONNAH Essotina, Docteur d'Etat en Pharmacie, Titulaire et Responsable de la pharmacie"
020203,PHARMACIE DU,PHARMACIE,KARA,"Dr KOLOU Yoan Gnim, NOUVEAU MARCHE Pharmacien, titulaire de la pharmacie Qtier Lama en face du marché"
020204,INFIRMERIE DE LA PRISON CIVILE DE KARA,USP type I,KARA,"M. FIAWODJI Koku Afelete, Infirmier de la prison"
020205,CLINIQUE MEDICO- CHIRURGICALE SAINT SAUVEUR,CHU,KARA,"DR KATAKOA GUISSAGA, Médecin Chirurgien, Quartier Tomdè, derrière ancien service des Impôts"
020206,USP SOUMBOU,USP type I,KARA,Soumbou
020207,USP KPANGBAZIBIYO,USP type I,KARA,"Kpangbazibiyo, quartier Totobia"
020208,CABINET MEDICAL ST ANTOINE ET PADRE PIO,CHU,KARA,"Kara, quartier Cofac, Immeuble BSIC face à la station Rakiéta Dr GABIAM Kofi Mawuenam, Médecin Ophtalmologiste, Titulaire et Responsable du cabinet"
020209,DEPOT PHARMACEUTIQUE SANTE ET VIE,DEPOT PHARMACEUTIQUE,KARA,"""Bassar, quartier Biakpabé Mme AMAÏ Dolibe, épouse BODJONA, Titulaire et Responsable du dépôt de pharmacie"""
020210,USP KOUDJOUKADA,USP type I,KARA,"Koudjoukada, quartier Koudjoukada centre"
020211,LUNETTERIE DU,CHR,KARA,"CENTRE DE LUNETTERIE KARA Kara Tomdè, CHR M. BOULOUFEI M. Esso, Directeur du CHR"
020212,INFIRMERIE DE LA LONATO AGENCE KARA,USP type I,KARA,"Kara, Agence de LONATO en face du Palais des Congrès M. AHOUN Yawovi, Infirmier Diplômé d'Etat, Responsable du centre"
020213,CMS ALAFIA,USP type II,KARA,"Bafilo ; M.TCHANI Wadou Koura, Assistant Médical, Responsable du CMS"
020214,PHARMACIE DU RECONFORT,PHARMACIE,KARA,"Kara, route de Kétao, carrefour SOS, en face de SOS Village d'enfants"
020215,INFIRMERIE BB KARA,INFIRMERIE,KARA,
020216,USP SARA,USP type I,KARA,SARA
020217,CENTRE DE DIAGNOSTIC ET D'HEMODIALYSE HDL (SOGEHP SA ) KARA,NIVEAU DE SOINS 4,KARA,Kara
020218,USP KADOGOU,USP type I,KARA,Kadogou
020219,USP YAKEDJI,USP type I,KARA,Yakedji
020220,USP BOUGABOU,USP type I,KARA,Boubabou
020221,USP KALANGA,USP type I,KARA,"Kalanga, au Sud-ouest de Bassar, à coté de l'EPP Kalanga"
020222,USP NAMAB,USP type I,KARA,NAMAB
020223,USP TAGBADE,USP type I,KARA,TAGBADE
020224,USP GMASSIDJOUN,USP type I,KARA,GMASSIDJOUN
020225,PHARMACIE DONGOYO,PHARMACIE,KARA,"Kara, Dongoyo"
020226,USP AGBANDAOUDE- ASSOLI,USP type I,KARA,AGBANDAOUDE-ASSOLI
020227,USP KOUTCHETCHEOU,USP type I,KARA,KOUTCHETCHEOU
020228,USP LAMA-DJAMDE,USP type I,KARA,Lama-Djamde
020229,PHARMACIE KETAO,PHARMACIE,KARA,"Non loin du marché, entre CAP et POSTE KETAO"
020230,INFIRMERIE NSCT- KARA,INFIRMERIE,KARA,Unsine-NSCT-Kara quartier Bohou- Walidè
020231,CENTRE DES MALADIE INFECTIEUSES DE KARA,CHR,KARA,Quartier Tô Ewanda
020232,USP NATIPONI,USP type I,KARA,Canton d'Akponté
020233,USP AGBALOSSI,USP type I,KARA,AGBALOSSI
030003,CMS AGBANDI,USP type II,CENTRALE,AGBANDI
030004,USP ASSOUKOKO,USP type I,CENTRALE,ASSOUKOKO
030005,USP BLITTA VILLAGE,USP type I,CENTRALE,BLITTA VILLAGE
030006,USP DOUFOULI,USP type I,CENTRALE,DOUFOULI
030007,CHP BLITTA,HOPITAL DE DISTRICT,CENTRALE,BLITTA
030008,USP KATCHENKE,USP type I,CENTRALE,KATCHENKE
030009,USP KOULANG,USP type I,CENTRALE,KOULANG
030010,USP LANGABOU,USP type I,CENTRALE,LANGABOU
030011,USP KPAWA,USP type I,CENTRALE,KPAWA
030012,USP N'KENGBE,USP type I,CENTRALE,N'KENGBE
030013,USP PAGALA VILLAGE,USP type I,CENTRALE,PAGALA
030014,USP TCHALOUDE,USP type I,CENTRALE,TCHALOUDE
030016,CMS TCHIFAMA,USP type II,CENTRALE,TCHIFAMA
030017,USP TONDJA,USP type I,CENTRALE,TONDJA
030018,USP WARAGNI,USP type I,CENTRALE,WARAGNI
030019,USP WELLY,USP type I,CENTRALE,WELLY
030020,USP YALOUMBE,USP type I,CENTRALE,YALOUMBE
030021,CMS ADJENGRE,USP type II,CENTRALE,ADJENGRE
030022,USP AOUDA-SOKODE,USP type I,CENTRALE,AOUDA
030023,USP BODJONDE,USP type I,CENTRALE,BODJONDE
030024,USP BOULOHOU,USP type I,CENTRALE,BOULOHOU
030025,CMS DJARKPANGA,HOPITAL DE DISTRICT,CENTRALE,DJARKPANGA
030026,USP FAZAO,USP type I,CENTRALE,FAZAO
030027,USP HALOUKPABOUNDOU,USP type I,CENTRALE,HALOUKPABOUDOU
030028,USP HEZOUDE,USP type I,CENTRALE,HEZOUDE
030029,USP KANIAMBOUA,USP type I,CENTRALE,KANIAMBOUA
030030,USP KAZA,USP type I,CENTRALE,KAZA
030031,USP KAZABOUA,USP type I,CENTRALE,KAZABOUA
030032,USP KPEI-TCHILA,USP type I,CENTRALE,KPEI-TCHILA
030033,USP MELAMBOUA,USP type I,CENTRALE,MELAMBOU
030034,CHP SOTOUBOUA,HOPITAL DE DISTRICT,CENTRALE,SOTOUBOUA
030035,USP SESSARO,USP type I,CENTRALE,SESSARO
030036,USP TCHEBEBE,USP type I,CENTRALE,TCHEBEBE
030037,USP TCHOIDE,USP type I,CENTRALE,TCHOIDE
030038,USP TEMBIO,USP type I,CENTRALE,TEMBIO
030039,USP TINDJASSI,USP type I,CENTRALE,TINDJASSI
030040,USP TITTIGBE,USP type I,CENTRALE,TITIGBE
030041,POLYCLINIQUE SOTOUBOUA,USP type I,CENTRALE,SOTOUBOUA
030042,USP AFFEM BOUSSOU,USP type I,CENTRALE,AFFEM BOUSSOU
030043,USP AFFEM KABYE,USP type I,CENTRALE,AFFEM KABYE
030044,USP AFFOSSALA KOPE,USP type I,CENTRALE,AFFOSSALA KOPE
030045,USP ALIBI 1,USP type I,CENTRALE,ALIBI 1
030046,USP ALIBI 2,USP type I,CENTRALE,ALIBI 2
030048,USP BALANKA,USP type I,CENTRALE,BALANKA
030049,USP DAGMA,USP type I,CENTRALE,DAGMA
030050,USP GOUBI,USP type I,CENTRALE,GOUBI
030051,CMS KABOLI,USP type II,CENTRALE,KABOLI
030052,USP KOULOUMI,USP type I,CENTRALE,KOULOUMI
030053,CMS KOUSSOUNTOU,USP type II,CENTRALE,KOUSSOUNTOU
030054,USP KRIKRI,USP type I,CENTRALE,KRIKRI
030055,CHP TCHAMBA,HOPITAL DE DISTRICT,CENTRALE,TCHAMBA tel 90250339
030056,USP AGOULOU,USP type I,CENTRALE,AGOULOU
030057,USP ALEHERIDE,USP type I,CENTRALE,ALEHERIDE
030058,AOU MATCHATOM,USP type I,CENTRALE,AOU MATCHATOM
030059,USP AOU MONO,USP type I,CENTRALE,AOU MONO
030060,USP BOWOUNDA,USP type I,CENTRALE,BOWOUNDA
030061,CHR SOKODE,CHR,CENTRALE,SOKODE
030062,POSTE DE SECOURS (GENDARMErie),USP type I,CENTRALE,SOKODE
030063,USP KADAMBARA,USP type I,CENTRALE,KADAMBARA
030064,USP KASSENA,USP type I,CENTRALE,KASSENA
030066,USP KEMENI,USP type I,CENTRALE,KEMENI
030067,USP KOLINA,USP type I,CENTRALE,KOLINA
030068,KOLOWARE,USP type II,CENTRALE,KOLOWARE
030069,USP KOUMONIADE,USP type I,CENTRALE,KOUMONIADE
030070,USP KPARATAO,USP type I,CENTRALE,KPARATAO
030071,USP KPASSOUADE,USP type I,CENTRALE,KPASSOUADE
030072,USP KPAZA,USP type I,CENTRALE,KPAZA
030073,USP LAMA TESSI,USP type I,CENTRALE,LAMA TESSI
030074,POLYCLINIQUE SOKODE,HOPITAL DE DISTRICT,CENTRALE,SOKODE
030075,USP SABARINGADE,USP type I,CENTRALE,SABARINGADE
030076,USP SAGBADAI,USP type I,CENTRALE,SAGBADAI
030077,USP SOLAO,USP type I,CENTRALE,SOLAOU
030078,USP TAWAREDA,USP type I,CENTRALE,TAWAREDA
030079,USP TCHALO,USP type I,CENTRALE,TCHALO
030080,USP WASSARABO,USP type I,CENTRALE,WASSARABO
030081,USP ESPERANCE,USP type I,CENTRALE,
030082,USP YARA KABYE,USP type I,CENTRALE,
030083,USP NADA,USP type I,CENTRALE,
030084,USP TCHAVADE,USP type I,CENTRALE,
030085,CMS SOLYNGOBOU,USP type II,CENTRALE,
030086,CMS HANKELI,USP type II,CENTRALE,
030087,DISPENSAIRE RENAISSANCE DE YAO KOPE,USP type I,CENTRALE,
030088,USP BAGO,USP type I,CENTRALE,BAGO
030090,USP TCHAREBAOU,USP type I,CENTRALE,
030091,USP YEGUE,USP type I,CENTRALE,
030092,AKAMADE,USP type I,CENTRALE,
030093,HOPITAL SAINT LUC PAGALA,HOPITAL DE DISTRICT,CENTRALE,Pagala
030094,CMS BON SECOURS DE KPANGALAM,USP type II,CENTRALE,
030097,Centre PMI KOUSSOUNTO,USP type II,CENTRALE,
030098,USP LARINI,USP type I,CENTRALE,
030099,CMS SOEUR JEANNE- HENRIETTE,USP type II,CENTRALE,
030100,SALIMBE,USP type I,CENTRALE,
030101,KOSSOBIO,USP type II,CENTRALE,
030102,KOMAH,USP type II,CENTRALE,
030103,CMS SAINT DAMIEN,HOPITAL DE DISTRICT,CENTRALE,
030104,CMS LAMA TESSI,USP type II,CENTRALE,
030105,CLINIQUE DU PARC,CHU,CENTRALE,Dr TCHAMBA Bambou Médecin Anesthésiste Réanimateur
030106,CENTRE MEDICAL LA SOURCE,CHU,CENTRALE,
030107,CABINET ESSOFA,CHU,CENTRALE,
030108,CABINET TAIROU,CHU,CENTRALE,
030109,CRAO SOKODE,CENTRE D'APPAREILLAGE,CENTRALE,sokode
030110,ASSOMPTION,USP type I,CENTRALE,
030111,POSTE DE SECOURS GENDARMERIE NATIONALE SOKODE (PS GN SOKODE),USP type I,CENTRALE,
030112,USP SALIMDE,USP type I,CENTRALE,
030113,PHARMACIE NOUVELLE DE SOKODE,PHARMACIE,CENTRALE,AKALA ALIKI
030114,PHARMACIE TCHAOUDJO,PHARMACIE,CENTRALE,
030115,CENTRE REGIONAL DE TRANSFUSION SANGUINE DE SOKODE,CHR,CENTRALE,
030116,POLYCLINIQUE DE SOTOUBOUA,POLYCLINIQUE,CENTRALE,
030117,CENTRE DE SANTE LA SOURCE,USP type II,CENTRALE,
030118,CENTRE DE SANTE SOEUR JEANNE HENRIETTE,USP type II,CENTRALE,
030119,DEPOT PHARMACEUTIQUE ZAMANI,DEPOT PHARMACIE,CENTRALE,
030120,DEPOT PHARMACEUTIQUE FOREVER KABOLI,DEPOT PHARMACIE,CENTRALE,
030122,USP ALEMADE,USP type I,CENTRALE,
030125,DEPOT PHARMACIE OWA BLITTA,DEPOT PHARMACIE,CENTRALE,AUT N°0043/2013/MS/CAB/DES/DPLET BLITTA GARE
030126,CMS JEAN PERRIN,HOPITAL DE DISTRICT,CENTRALE,"Sotouboua, face lycée moderne de Sotouboua, quartier Sondè. Dr SAMA-TCHINDO Essosina, Médecin généraliste, Responsable du centre"
030127,DEPOT PHARMACEUTIQUE FOREVER TCHAMBA,DEPOT PHARMACIE,CENTRALE,"DOCTEUR DERMANE AFFO, BP 4884 LOME"
030128,USP SADA,USP type I,CENTRALE,DPS TCHAOUDJO 25500071
030129,USP AGBANDAOUDE,USP type I,CENTRALE,DPS TCHAOUDJO 25500071
030130,DEPOT PHARMACIE LAFIA,DEPOT PHARMACIE,CENTRALE,"GANDI BOZOUA OUMAR ARR N°8737/PR MSPASCE, BP 295 SOKODE, tel 25500245"
030132,CENTRE DE SANTE DE KOLOWARE,USP type II,CENTRALE,"AUT N° 0166/2011/MS/CAB/DGS/DES, PROFUMO ANTONIETTA, SOKODE BP 36"
030133,CMS SOLINYOGOBOU,USP type II,CENTRALE,"Sokodé, qtier Tchawanda Mme KOSSIVI Ablavi Stella, Assistante Médicale, Titulaire et Responsable du Centre"
030134,CLINIQUE ATBEF SOKODE,USP type II,CENTRALE,"SANTANNA DJINATOU, BP 118 SOKODE"
030135,CERFAO NDA,CENTRE D'APPAREILLAGE,CENTRALE,BP 36 SOKODE AUT N°0137/2011/MS/CAB/DGS/DES
030136,DEPOT DE PHARMACIE DU CAMPEMENT,DEPOT PHARMACIE,CENTRALE,PAGALA GARE QTIER CAMPEMENT
030137,CENTRE DE PROTECTION MATERNELLE ET INFANTILE (PMI) DE KOUSOUNTOU,USP type I,CENTRALE,DABA-KOUSSOUNTOU DANS LA PREFECTURE DE TCHAMBA
030138,PHARMACIE IDEALE,PHARMACIE,CENTRALE,"SOKODE-KEDIA, QUARTIER KPAGALAM SUR LA NATIONALE N°1; A ENVIRON 300M DE CIB INTA ET 2KM DE LA PHARMACIE TCHAOUDJO"
030139,USP DAZA ESSO AKAMADE,USP type I,CENTRALE,
030140,PHARMACIE LOUEZ L'ETERNEL,PHARMACIE,CENTRALE,M. MINTAMOU POWONKESSO Infirmier SOTOUBOUA
030141,Infirmerie de la CNSS SOKODE,USP type I,CENTRALE,ALI Matitina
030142,USP BABADE,USP type I,CENTRALE,"Babadè, quartier Kigbeleng S/C DPS Sotouboua"
030143,USP SAIBOUDE,USP type I,CENTRALE,"Saïboudé, Akoutouta S/C DPS Mô"
030144,USP AGBAMASSOMOU,USP type I,CENTRALE,Agbamassomou S/C DPS Mô
030145,USP KAGNIGBARA,USP type I,CENTRALE,Kagnigbara S/C DPS Mô
030146,CABINET MEDICAL Dr WANGALA,CHU,CENTRALE,"Sokodé, quartier Kpangalam Dr WANGALA Patapaki, Médecin Gynécologue, Titulaire et Responsable du Cabinet"
030147,CMS BETHEL SOKODE,HOPITAL DE DISTRICT,CENTRALE,"Sokodé, Lom-Nava M. BOUGONOU Labanté, IDE, Responsable du CMS Dr HOUROBIA Watabisse, Médecin Généraliste, Médecin chef du CMS"
030148,CMS SAINT PADRE PIO,USP type II,CENTRALE,"ADJENGRE ; M. EVEGNON Azongnibo, Assistant médical"
030149,DEPOT PHARMACEUTIQUE DE KOUSSOUNTOU LA BENEDICTION,DEPOT PHARMACEUTIQUE,CENTRALE,"KOUSSOUNTOU ; Madame NONDO Maguiloubè, Accoucheuse auxiliaire d'Etat à la retraite, Responsable du dépôt"
030150,PHARMACIE KOMAH,PHARMACIE,CENTRALE,"Sokodé, quartier Komah sur la route de Sokodé-Tchamba"
030151,USP DIGUENGUE,USP type I,CENTRALE,Diguengué
030152,USP KOFFITI,USP type I,CENTRALE,Koffiti
030153,USP ASSOUMAKONDJI,USP type I,CENTRALE,Assoumakondji
030154,USP ATIKPAI,USP type I,CENTRALE,Atikpaï
030155,USP KPEI TCHILA,USP type I,CENTRALE,KPEI TCHILA
030157,USP N'TCHOUROU,USP type I,CENTRALE,N'TCHOUROU
030158,USP SAMAI,USP type I,CENTRALE,Samai
030159,PHARMACIE DIFEZI,PHARMACIE,CENTRALE,"Sokodé, quartier Kouloumdè près du stade"
030160,PHARMACIE HORIZON SANTE,PHARMACIE,CENTRALE,"Tchamba, quartier Kouboni"
030161,CLINIQUE MEDICALE GATARI,CHU,CENTRALE,"Sokodé, Kpangalam en face de l'hôtel LA FRATERNITE"
030162,PHARMACIE SOTOUBOUA,PHARMACIE,CENTRALE,"Soutouboua, quartier zongo en face de YAS TOGO"
030163,PHARMACIE LUCIOLE,PHARMACIE,CENTRALE,"Sokodé, sur la route de Bassar, En face de l’Hôtel Fraternité; Quartier Kowawu-woro"
030164,CENTRE MEDICO- SOCIAL SAINTE MADELEINE DE CANOSSA,USP type II,CENTRALE,situé au quartier Jean Perrin à Sotouboua
030165,CENTRE MEDICO- SOCIAL NIKI NIKI,USP type I,CENTRALE,Village de niki niki
030166,USP KOUVON,USP type I,CENTRALE,Kouvon
030167,USP MALIKIDA,USP type I,CENTRALE,Lama-Tessi
030168,USP AMAIDE,USP type I,CENTRALE,Amaïdè sur la Nationale n° 1
030169,USP KAZAKALI,USP type I,CENTRALE,Tchamba/Kazakali
030170,USP PARAMPA,USP type I,CENTRALE,Balanka
030171,USP AKPAKOU,USP type I,CENTRALE,Tabindè
030172,USP FONDAH,USP type I,CENTRALE,Tchébébé
030173,USP KEDJI-KANDJO,USP type I,CENTRALE,Sokodé
030174,CENTRE MEDICO- SOCIAL TCHEKELE,USP type I,CENTRALE,Tchékélé
030175,PHARMACIE BLITTA,PHARMACIE,CENTRALE,Blitta carrefour au bord de la route nationale N1 à coté du parking des camions poids lourds
040002,Case de Santé de DOPE KOPE,USP type I,PLATEAUX,DOPE KOPE
040003,Case de Santé Kebo Dalavé,USP type I,PLATEAUX,Kebo Dalavé
040004,USP AGOUDOUVOU,USP type I,PLATEAUX,AGOUDOUVOU
040005,USP AGBAVE,USP type I,PLATEAUX,AGBAVE
040006,PMI DE KEB DZIGBE,USP type I,PLATEAUX,KEBO DZIGBE
040007,USP ADAME,USP type I,MARITIME,ADAME
040008,USP ADZAKPA,USP type I,PLATEAUX,ADZAKPA
040009,USP AGOE-GADZA,USP type I,PLATEAUX,AGOE-GADZA
040010,USP AKPLOLO,USP type I,PLATEAUX,AKPLOLO
040011,USP AMOUSSOUKOPE,USP type I,PLATEAUX,AMOUSSOUKOPE
040012,USP APEGAME,USP type I,PLATEAUX,APEGAME
040013,USP ASSAHUN FIAGBE,USP type I,PLATEAUX,ASSAHOUN FIAGBE
040014,USP ATIGBE DZOGBEPIME,USP type I,PLATEAUX,ATIGBE DZOGBEPIME
040015,USP AVEDZE,USP type I,PLATEAUX,AVEDZE
040016,USP AVETONOU,USP type I,PLATEAUX,AVETONOU
040017,USP KEBO TOE,USP type I,PLATEAUX,KEBO TOE
040018,USP GADJAGAN,USP type I,PLATEAUX,GADJAGAN
040019,USP KATI,USP type I,PLATEAUX,KATI
040020,USP KEBO DOGBADZI,USP type I,PLATEAUX,KEBO DOGBADZI
040021,USP KEBO-DZIGBE,USP type I,PLATEAUX,KEBO DZIGBE
040022,USP KLONOU,USP type I,PLATEAUX,KLONOU
040023,USP KOLOGAN,USP type I,PLATEAUX,KOLOGAN
040024,USP NYITOE ZUKPE,USP type I,PLATEAUX,NYITOE ZUKPE
040025,USP NYOGBO,USP type I,PLATEAUX,NYOGBO
040026,CMS GLEI,USP type II,PLATEAUX,GLEI
040027,USP WONOUGBA SEVA,USP type I,PLATEAUX,WONOUGBA SEVA
040028,USP PALLAKOKO,USP type I,PLATEAUX,PALLAKOKO
040029,CMS AMOU OBLO,USP type II,PLATEAUX,AMOU OBLO
040030,USP ADOGBENOU,USP type I,PLATEAUX,ADOGBENOU
040031,USP AFOLE,USP type I,PLATEAUX,AFOLE
040032,CMS AGBONOU (ex USP),USP type II,PLATEAUX,AGBONOU
040033,USP TETETOU,USP type I,PLATEAUX,TETETOU
040034,USP AKABA,USP type I,PLATEAUX,AKABA
040035,CMS HIHEATRO,USP type II,PLATEAUX,HIHEATRO
040036,CMS AKPARE,USP type II,PLATEAUX,AKPARE
040038,CMS TEMEDJA,USP type II,PLATEAUX,TEMEDJA
040039,USP ATCHINEDJI,USP type I,PLATEAUX,ATCHINEDJI
040040,USP AWAGOME,USP type I,PLATEAUX,AWAGOME
040041,WAHALA,USP type I,PLATEAUX,WAHALA
040042,CHP AMLAME,HOPITAL DE DISTRICT,PLATEAUX,AMLAME
040043,USP BOCCO,USP type I,PLATEAUX,BOCCO
040044,USP DATCHA,USP type I,PLATEAUX,DATCHA
040045,USP ADOGLI,USP type I,PLATEAUX,ADOGLI
040046,USP AVEDJE,USP type I,PLATEAUX,AVEDJE
040047,HOPITAL NOTRE DAME D'AYOME,HOPITAL DE DISTRICT,PLATEAUX,AYOME
040048,USP FOUKOTE-VOSSA,USP type I,PLATEAUX,FOUKOTE-VOSSA
040049,USP BASSE,USP type I,PLATEAUX,BASSE
040050,USP GBAGBADJAKOU,USP type I,PLATEAUX,GBAGBADJAKOU
040051,USP DEMADELI,USP type I,PLATEAUX,DEMADELI
040052,USP GLITTO,USP type I,PLATEAUX,GLITTO
040053,USP HOMAGAN,USP type I,PLATEAUX,HOMAGAN
040054,USP KELEKPE,USP type I,PLATEAUX,KELEKPE
040055,CLINIQUE DE RENAISSANCE,USP type II,PLATEAUX,KPALIME
040056,USP DEME,USP type I,PLATEAUX,DEME
040057,USP OUNTIVOU,USP type I,PLATEAUX,OUNTIVOU
040058,USP DIDOKPO,USP type I,PLATEAUX,DIDOKPO
040059,USP EZIME,USP type I,PLATEAUX,EZIME
040060,USP KOLOCOPE,USP type I,PLATEAUX,KOLOCOPE
040061,USP GAME,USP type I,PLATEAUX,GAME
040062,CLINIQUE DES PLATEAUX,CHU,PLATEAUX,KPALIME
040063,USP IDAO,USP type I,PLATEAUX,IDAO
040064,USP IWASSI,USP type I,PLATEAUX,IWASSI
040065,HOPITAL DE DISTRICT DE KOUGNOHOU,HOPITAL DE DISTRICT,PLATEAUX,KOUGNOHOU
040066,CLINIQUE JESUS SAUVE,USP type II,PLATEAUX,KPALIME
040067,USP KOUTOUKPA,USP type I,PLATEAUX,KOUTOUKPA
040068,CLINIQUE LA GRACE,USP type II,PLATEAUX,KPELE ADETA
040069,CHP BADOU,HOPITAL DE DISTRICT,PLATEAUX,BADOU
040070,USP NYILE,USP type I,PLATEAUX,NYILE
040071,USP OGA,USP type I,PLATEAUX,OGA
040072,USP AGBO KOPE,USP type I,PLATEAUX,AGBO KOPE
040073,CMS AMITIE,USP type II,PLATEAUX,AMITIE
040074,USP OKAFOU,USP type I,PLATEAUX,OKAFOU
040075,USP ANONOE,USP type I,PLATEAUX,ANONOE
040076,USP AYAGBA,USP type I,PLATEAUX,AYAGBA
040077,USP OKPAHOUE,USP type I,PLATEAUX,OKPAHOUE
040078,CMS KPADAPE,USP type II,PLATEAUX,KPADAPE
040079,USP OTADI,USP type I,PLATEAUX,OTADI
040080,USP BADOU DJINDJI,USP type I,PLATEAUX,BADOU DJINDJI
040081,USP BENALI,USP type I,PLATEAUX,BENALI
040082,USP PATATOUKOU,USP type I,PLATEAUX,PATATOUKOU
040083,CHP KPELE ADETA (ex CMS),HOPITAL DE DISTRICT,PLATEAUX,KPELE ADETA
040084,USP BROUNFOU,USP type I,PLATEAUX,BROUNFOU
040086,USP DOUME,USP type I,PLATEAUX,DOUME
040087,CHP DANYI APEME,HOPITAL DE DISTRICT,PLATEAUX,APEYEME
040088,USP GBADI N'KOUGNA,USP type I,PLATEAUX,GBADI N'KOUGNA
040089,USP GOBE,USP type I,PLATEAUX,GOBE
040090,USP IMOUSSA,USP type I,PLATEAUX,IMOUSSA
040091,USP KAMINA WAWA,USP type I,PLATEAUX,KAMINA
040092,USP KESSIBO ABREWANKOR,USP type I,PLATEAUX,KESSIBO ABREWANKOR
040093,USP KESSIBO WAWA,USP type I,PLATEAUX,KESSIBO WAWA
040094,USP KLABE EFOUKPA,USP type I,PLATEAUX,KLABE AEFOUKPA
040095,USP KPELE AGAVE,USP type II,PLATEAUX,KPELE AGAVE
040096,USP KLABE APEGAME,USP type I,PLATEAUX,KLABE APEGAME
040097,USP ATIGBA,USP type I,PLATEAUX,ATIGBA
040098,CMS KPELE GOUDEVE,USP type II,PLATEAUX,KPELE GOUDEVE
040099,USP KPETE BENA,USP type I,PLATEAUX,KPETE BENA
040100,USP BOGO,USP type I,PLATEAUX,BOGO
040101,USP AHLON DENOU,USP type I,PLATEAUX,DENOU
040102,OSV-TOGO/CMS SOLIDARITE,HOPITAL DE DISTRICT,PLATEAUX,KPALIME
040103,USP LOFONLOKO,USP type I,PLATEAUX,LOFONLOKO
040104,CMS UNION,USP type II,PLATEAUX,KPALIME
040105,USP OKOU,USP type I,PLATEAUX,OKOU
040106,USP KOUDZRAGAN,USP type I,PLATEAUX,KOUDZRAGAN
040107,USP KPETO,USP type I,PLATEAUX,"KPETO M. NIMNORA Alao, Responsable de l'USP"
040108,MATERNITE BETHEL,USP type II,PLATEAUX,KPALIME
040109,USP OUNABE,USP type I,PLATEAUX,OUNABE
040110,USP KPEVE,USP type I,PLATEAUX,KPEVE
040111,USP SEREGBENE,USP type I,PLATEAUX,SEREGBENE
040112,CENTRE HOSPITALIER PREFECTORAL DE KPALIME,HOPITAL DE DISTRICT,PLATEAUX,KPALIME
040113,USP N'DIGBE,USP type I,PLATEAUX,N'DIGBE
040114,USP TOMEGBE,USP type I,PLATEAUX,TOMEGBE
040115,CASE DE SANTE YEVIEPE,USP type I,PLATEAUX,YEVIEPE
040116,USP SASSANOU,USP type I,PLATEAUX,SASSANOU
040117,USP WADAGNI,USP type I,PLATEAUX,WADAGNI
040118,USP TSADOME,USP type I,PLATEAUX,TSADOME
040119,USP YALLA,USP type I,PLATEAUX,YALLA
040120,CASE DE STE AGRIPPA-TODJI,USP type I,PLATEAUX,AGRIPPA-TODJI
040121,USP YIKPA,USP type I,PLATEAUX,YIKPA
040122,USP ZOGBEGAN,USP type I,PLATEAUX,ZOGBEGAN
040123,USP HANYIGBA,USP type I,PLATEAUX,HANYIGBA TODZI
040124,CMS MORETAN,USP type II,PLATEAUX,MORETAN
040125,CENTRE DE SANTE TOME,USP type I,PLATEAUX,TOME
040126,Poly D'EST MONO,USP type II,PLATEAUX,ELAVAGNON
040127,USP AGOTIME KOPE,USP type I,PLATEAUX,AGOTIME KOPE
040129,PMI LAVIE-AGOVIEPE / USP AGOVIEPE,USP type I,PLATEAUX,LAVIE AGOVIEPE
040130,USP AFOLI,USP type I,PLATEAUX,AFOLI
040131,POLYCLINIQUE DE KPALIME,HOPITAL DE DISTRICT,PLATEAUX,KPALIME
040132,USP AKAKPO-COPE,USP type I,PLATEAUX,AKAKPO-COPE
040133,USP AGOME TOMEGBE,USP type I,PLATEAUX,AGOME TOMEGBE
040134,USP AKATA AGAME,USP type I,PLATEAUX,AKATA AGAME
040135,USP AWAYO,USP type I,PLATEAUX,AWAYO
040136,USP BADIN-COPE,USP type I,PLATEAUX,BADIN-COPE
040137,USP AKATA DZOKPE,USP type I,PLATEAUX,AKATA DZOKPE
040138,USP GBADJAHE,USP type I,PLATEAUX,GBADJAHE
040139,USP ATCHAVE,USP type I,PLATEAUX,ATCHAVE
040140,USP BLIFOU,USP type I,PLATEAUX,BLIFOU
040141,USP ISSATI,USP type I,PLATEAUX,ISSATI
040142,USP BODJE,USP type I,PLATEAUX,BODJE
040143,USP KAMINA,USP type I,PLATEAUX,KAMINA
040144,USP GBALAVE,USP type I,PLATEAUX,GBALAVE
040145,USP OGOU-KINKO,USP type I,PLATEAUX,KINKO
040146,USP KPESSI,USP type I,PLATEAUX,KPESSI
040147,USP KLOMAYONDI,USP type I,PLATEAUX,KLOMAYONDI
040148,USP MODOKOUTE,USP type I,PLATEAUX,MODOKOUTE
040149,CMS KPELE ELE (ex USP),USP type II,PLATEAUX,KPELE ELE
040150,USP NYAMASSILA,USP type II,PLATEAUX,NYAMASSILA
040151,USP KPELE TUTU,USP type I,PLATEAUX,KPELE TUTU
040152,USP OGOU-KOLIDE,USP type I,PLATEAUX,OGOU KOLIDE
040153,USP KPIME HLOMA,USP type I,PLATEAUX,KPIME HLOMA
040154,USP TCHEKITA,USP type I,PLATEAUX,TCHEKITA
040155,CMS KPOGADZI,USP type II,PLATEAUX,KPOGADZI
040156,USP YANDA,USP type I,PLATEAUX,YANDA
040157,USP KUMA ADAME,USP type I,PLATEAUX,KUMA ADAME
040158,USP YEBOU-YEBOU,USP type I,PLATEAUX,YEBOU-YEBOU
040159,USP KOUMA APOTI,USP type I,PLATEAUX,KOUMA APOTI
040161,USP KUMA KONDA,USP type I,PLATEAUX,KUMA AKONDA
040163,USP LAVIE,USP type I,PLATEAUX,LAVIE
040164,USP HAHOMEGBE,USP type I,PLATEAUX,HAHOMEGBE
040165,USP MAMAKOPE,USP type I,PLATEAUX,MAMAKOPE
040166,USP HAITO,USP type I,PLATEAUX,HAITO
040167,USP TOVE,USP type I,PLATEAUX,TOVE
040168,USP AGBATI,USP type I,PLATEAUX,AGBATI
040169,USP YOKOLE,USP type I,PLATEAUX,YOKOLE
040170,USP AKPAKPAKPE,USP type I,PLATEAUX,AKPAKPAKPE
040171,USP AMAKPAPE,USP type I,PLATEAUX,AMAKPAKPE
040173,ASRAMA,USP type I,PLATEAUX,ASRAMA
040174,USP AHASSOME,USP type I,PLATEAUX,AHASSOME
040175,USP AVASSIKPE,USP type I,PLATEAUX,AVASSIKPE
040176,BATOUME,USP type I,PLATEAUX,BATOUME
040177,CHP DE TOHOUN,HOPITAL DE DISTRICT,PLATEAUX,TOHOUN
040178,HUILEHOE,USP type I,PLATEAUX,HUILEHOE
040179,DISPENSAIRE DE KPEKPLEME,USP type I,PLATEAUX,KPEKPLEME
040180,USP KLOEGNAME,USP type I,PLATEAUX,KLOEGNAME
040181,USP SALIGBE,USP type I,PLATEAUX,SALIGBE
040182,KPEGBON-ADJA,USP type I,PLATEAUX,KPEGBON-ADJA
040183,USP TADO,USP type I,PLATEAUX,TADO
040185,KPOVE,USP type I,PLATEAUX,KPOVE
040186,POLYCLINIQUE D'ATAKPAME,HOPITAL DE DISTRICT,PLATEAUX,AGBONOU
040187,CHP ANIE,HOPITAL DE DISTRICT,PLATEAUX,DPS ANIE
040188,PHARMACIE DU PLATEAU,PHARMACIE,PLATEAUX,KOWU-AKOUSSA KOSSIWA KAFUI
040189,CHP NOTSE,HOPITAL DE DISTRICT,PLATEAUX,
040190,CMS LE BIEN ETRE,HOPITAL DE DISTRICT,PLATEAUX,"Notsè M. EDIHE Komlan, Assistant Médical, Titulaire et Responsable du centre"
040192,CMS ASRAMA,USP type II,PLATEAUX,
040193,USP AOUDA,USP type I,PLATEAUX,
040194,CMS WAHALA,USP type II,PLATEAUX,
040195,USP KPEGNON-ADJA,USP type I,PLATEAUX,
040197,USP MELAMBOUA PLATEAU,USP type I,PLATEAUX,
040198,CENTRE MEDICAL PSYCHO-SOCIAL ET SPIRITUEL NOTRE DAME DE LA SANTE,USP type II,PLATEAUX,NOTSE
040199,USP DALIA,USP type I,PLATEAUX,
040200,HALOUKPABOUNDOU,USP type I,PLATEAUX,
040201,USP TSINIGAN,USP type I,PLATEAUX,
040202,USP KPONOU,USP type I,PLATEAUX,
040204,CMS DJON KOTORA,USP type I,PLATEAUX,
040205,USP ONA,USP type I,PLATEAUX,
040206,CMS TODOME,USP type II,PLATEAUX,
040207,USP WODAGNI,USP type I,PLATEAUX,WODAGNI
040208,USP LONFOLOKO,USP type I,PLATEAUX,
040209,USP BENA PLATEAU,USP type I,PLATEAUX,Bena Plateau
040210,HOPITAL BETHESDA D'AGOU,HOPITAL DE DISTRICT,PLATEAUX,
040211,ADAME,USP type I,PLATEAUX,
040212,DZIGBE,USP type I,PLATEAUX,
040213,USP KPAKPO,USP type I,PLATEAUX,
040214,USP AGODJOLOLO,USP type I,PLATEAUX,
040215,USP AFODJI,USP type I,PLATEAUX,
040216,USP KPENDELE,USP type I,PLATEAUX,
040217,USP MADJAMAKOU,USP type I,PLATEAUX,
040218,CMS SODO,USP type II,PLATEAUX,
040219,CHR ATAKPAME,CHR,PLATEAUX,
040220,USP KETOGNAKOPE,USP type I,PLATEAUX,
040221,USP ADIVA,USP type I,PLATEAUX,
040222,HOPITAL SAINT GOTHARD DE DEDOME,HOPITAL DE DISTRICT,PLATEAUX,
040223,USP GLEKOPE,USP type I,PLATEAUX,
040224,NDA,USP type I,PLATEAUX,
040225,CHP AGOU-GARE,HOPITAL DE DISTRICT,PLATEAUX,
040226,CMS KATIVOU,USP type II,PLATEAUX,
040227,USP AGOTIME- ADAME,USP type I,PLATEAUX,
040228,USP KEBO-KPETA,USP type I,PLATEAUX,KEBO KPETA
040230,POLYCLINIQUE ELAVAGNON,HOPITAL DE DISTRICT,PLATEAUX,
040231,TOMEGBE,USP type I,PLATEAUX,
040232,USP KPATEGAN,USP type I,PLATEAUX,KPATEGAN
040233,SODO,USP type II,PLATEAUX,
040234,CMA TEMEDJA,HOPITAL DE DISTRICT,PLATEAUX,
040235,KAME,USP type II,PLATEAUX,
040236,TETOUHEDEHOUE,USP type II,PLATEAUX,
040238,CMS NOTRE DAME DE LA MISERICORDE,USP type II,PLATEAUX,
040239,JEHOVAH JIREH,USP type II,PLATEAUX,
040240,SAUVER LA VIE,USP type I,PLATEAUX,
040241,OCDI,USP type I,PLATEAUX,
040242,USP WOME,USP type I,PLATEAUX,WOME
040243,HOPITAL DE TSIKO,CHU,PLATEAUX,
040244,KAVE,USP type I,PLATEAUX,
040245,ATBEF PLATEAUX,USP type I,PLATEAUX,
040247,CMS LA PAIX-ANIE (A.VI.DE),USP type II,PLATEAUX,"Anié, Quartier Assivimè M. AKAKPO Kossi Apéli, Assistant Médical, Responsable du centre"
040248,LE SALUT,USP type II,PLATEAUX,
040252,CMS BON SECOURS ATAKPAME,USP type II,PLATEAUX,
040253,SAINTE MARIE D'ILAMA,USP type II,PLATEAUX,
040255,BIEN ETRE,USP type II,PLATEAUX,
040256,KPETE MAFLO,USP type II,PLATEAUX,
040257,USP MEDJEGNI,USP type I,PLATEAUX,
040258,USP PALLAHOHO,USP type I,PLATEAUX,
040260,CMS DANYI ELAVANYO,USP type II,PLATEAUX,
040261,USP YOKELE,USP type I,PLATEAUX,
040262,INFA TOVE,USP type II,PLATEAUX,
040263,PHARMACIE LA VIE NOTSE,PHARMACIE,PLATEAUX,
040264,PHARMACIE PERSEVERANCE KPALIME,PHARMACIE,PLATEAUX,
040265,PHARMACIE SAINTE FAMILLE ATAKPAME,PHARMACIE,PLATEAUX,
040266,PHARMACIE DE LA GARE,PHARMACIE,PLATEAUX,
040267,PHARMACIE NKOKO - EWE ATAKPAME,PHARMACIE,PLATEAUX,
040268,PHARMACIE LAVOISIER,PHARMACIE,PLATEAUX,
040270,DEPOT PHARMACEUTIQUE CONCORDIA,DEPOT PHARMACIE,PLATEAUX,
040271,CENTRE HOSPITALIER ADVENTISTE D'OPHTALMOLOGIE GLEI,CHU,PLATEAUX,
040272,POSTE DE SECOURS GENDARMERIE NATIONALE ATAKPAME (PS GN ATAKPAME),USP type I,PLATEAUX,
040273,POSTE DE SECOURS GENDARMERIE NATIONALE KPALIME (PS GN KPALIME),USP type I,PLATEAUX,
040274,DEPOT PHARMACEUTIQUE LA PAIX,DEPOT PHARMACIE,PLATEAUX,BP 691 KPALIME
040275,CMS SANTE ET VIE,USP type II,PLATEAUX,AMLAME QT IKO BP 89
040276,DEPOT MISERICORDE ELAVAGNON,DEPOT PHARMACIE,PLATEAUX,
040277,OPTIQUE MARANATHA,CENTRE DE LUNETTERIE,PLATEAUX,
040278,CMS JEAN BAPTISTE,USP type II,PLATEAUX,
040279,DEPOT PHARMACEUTIQUE LE BON SAMARITAIN,DEPOT PHARMACIE,PLATEAUX,BP 10196
040280,CMS BENI-BETHEL,USP type II,PLATEAUX,"Anié, quartier Boulali"
040281,CLINIQUE ATBEF ATAKPAME,POLYCLINIQUE,PLATEAUX,BP 245 ATAKPAME
040282,DEPOT PHARMACEUTIQUE SAINT ALPHONSE,DEPOT PHARMACIE,PLATEAUX,AUT N 0153/01/MSP/DGSP/DPLET BP 195 ATAKPAME
040283,DEPOT PHARMACIE SAINT MICHEL DE GLEI,DEPOT PHARMACIE,PLATEAUX,"AUT N°0151/01/MSP/DGSP/DPLET, GLEI"
040284,CMS NOTRE DAME DE LA CONSOLATION,HOPITAL DE DISTRICT,PLATEAUX,"AUT N 0176/2010/MS/CAB/DES, CONSTANCIA SILVESTRE NAVARRO, BP 400 ATAKPAME"
040285,CABINET MEDICAL PISCINE DE SILOE,CHU,PLATEAUX,ATTOH KODZO ARR N°077/2014/MS/CAB/SG/ DU A JUILLET 2014 BP 504 ATAKPAME
040286,HOPITAL SAINT JOSEPH DE DATCHA,CHR,PLATEAUX,PERE GOUGBEDJI SOSTHENE YEDIA/AUT N1839/95/MSP-SN/BP 62 ATAKPAME
040287,DEPOT DE PHARMACIE ESPERANCE,DEPOT PHARMACIE,PLATEAUX,BP 68 KPALIME QUARTIER DZODZEKODJI CONV LE 10 04 2015
040288,CABINET MEDICAL ADN,CHU,PLATEAUX,QTIER AGBONOU CAMPEMENT AGBONOU ATAKPAME CONV LE 10 04 2015
040289,PHARMACIE PENIEL,PHARMACIE,PLATEAUX,"EDOH MAMADOU, GRAND MARCHE ATAKPAME"
040290,HOPITAL DE L'ORDRE DE MALTE D'ELAVAGNON,HOPITAL DE DISTRICT,PLATEAUX,"DOMINIQUE FRAYE, ELAVAGNON"
040291,CMS ANNA SCHÄFER GREINER (CMS ASG),USP type II,PLATEAUX,"KPELE-ALEME A 17KM DE KPELE-ELE, PREFECTURE DE KPELE"
040292,CMS MON BERGER,USP type I,PLATEAUX,TALO-ATAKPAME
040294,CMS AGIR POUR LA,USP type I,PLATEAUX,BATCHA Yaliou KPALIME SANTE
040295,Infirmerie de la CNSS ATAKPAME,USP type I,PLATEAUX,DOGMAGA Sala
040296,CMS VIE E ABONDANCE,USP type II,PLATEAUX,"Sœur Marina DELPHINO ALVES, IDE, Directrice situé sur la route Kpalimé-Atakpamé, village de Kpimé-Séva"
040297,USP AGOME YOH,USP type I,PLATEAUX,"AZANLEDJI Sepopo, Responsable du centre S/C Dr NYAMETSO Dzifa Aimé, DPS Kloto"
040298,INFIRMERIE DE L'INFA DE TOVE,USP type I,PLATEAUX,"Dr SOEDJI Kokouvi, Directeur Général de l'INFA de Tové M. KPATCHINE Koffi, Infirmier diplômé d'Etat"
040299,PHARMACIE KEKELI,PHARMACIE,PLATEAUX,"Dr ASSIGNON Komlan Sélom, Pharmacien Route d'Atakpamé à 500 mètres du Lycée de Kpodzi, Kpalimé"
040300,USP MIDOUDOU,USP type I,PLATEAUX,MIDOUDOU
040301,INFIRMERIE DE LA PRISON CIVILE DE NOTSE,USP type I,PLATEAUX,"Notsè, Quartier TEGBE"
040302,USP WAKPA,USP type I,PLATEAUX,"Canton de Témédja, village de Wakpa"
040303,USP IDOH-COPE,USP type I,PLATEAUX,"IDOH-COPE, Quartier KABLE COME"
040304,PHARMACIE AL HAYAT,PHARMACIE,PLATEAUX,"Anié, route nationale N° 1 face à la gendarmerie Dr MONTI Nakom, Docteur en Pharmacie, Titulaire et Responsable de la pharmacie"
040305,USP ATCHAKOE- CARREFOUR,USP type I,PLATEAUX,"Atchakoe-Carrefour, quartier Amekanhoé"
040306,PHARMACIE MIDJODJI,PHARMACIE,PLATEAUX,"Notsé, quartier Kpota Dr FOLI Hervé Alphonse Spéro Komi, Docteur d'Etat en pharmacie, Titulaire et Responsable de la pharmacie"
040307,CMS KLOTO 2,USP type II,PLATEAUX,"Lavié, quartier Xosse Gloria M. ETSE Kokou, Responsable du centre"
040308,CMS LA TRINITE,USP type II,PLATEAUX,"Atakpamé, Sada M. AWESSO Beveyou, Technicien Supérieur de Santé, Responsable du centre"
040309,PHARMACIE DU GRAND PLATEAU,PHARMACIE,PLATEAUX,"Atakpamé, Agbonou Dr KOUMEDJINA Kossi Victor, Titulaire et Responsable de la pharmacie"
040310,PHARMACIE AGBONOU,PHARMACIE,PLATEAUX,"Atakpamé, près du Lycée Agbonou"
040311,USP GBENDE,USP type I,PLATEAUX,"Gbende, quartier Téko"
040312,PHARMACIE ZENITH,PHARMACIE,PLATEAUX,"Anié, quartier Assigamé à côté de la gendarmerie Dr SOGLAHOUN Kossi, Docteur en pharmacie, titulaire et Responsable de la pharmacie"
040313,CMS ATCHAVE,USP type II,PLATEAUX,"Atchave ; M. AKO Kokou, Responsable du centre"
040314,USP GBOWLE,USP type I,PLATEAUX,Gbowle
040315,USP AGOTO,USP type I,PLATEAUX,Agoto
040316,USP AZAKPE,USP type I,PLATEAUX,AZAKPE
040317,USP BAYA-COPE,USP type I,PLATEAUX,Baya-Copé
040319,CLINIQUE ESPERANCE 22,CHR,PLATEAUX,"ATAKPAME, Agbonou"
040320,PHARMACIE LAVOISIER-JESPA,PHARMACIE,PLATEAUX,"Kpalimé, Singa, Rond point TEXACO"
040321,CENTRE DE PRISE EN CHARGE DES URGENCES SANITAIRES (CPECUS),HOPITAL DE DISTRICT,PLATEAUX,"Notsè, Dr ATEKPE P. Somiabalo, DPS HAHO, Directeur du Centre"
040322,USP DOGLOBO,USP type I,PLATEAUX,Doglobo
040323,USP GADZA-WUKPE,USP type I,PLATEAUX,GADZA-WUKPE
040324,USP KPEGADJE,USP type I,PLATEAUX,KPEGADJE
040325,CMS SANTE SOLIDAIRE,USP type II,PLATEAUX,"Kpalimé, Zomayi"
040326,PHARMACIE ELSAM,PHARMACIE,PLATEAUX,"ATAKPAME, carrefour Y, face Lycée d'Atakpamé"
040327,PHARMACIE DE ADETA,PHARMACIE,PLATEAUX,"Adéta, route nationale N° 5 Adéta- Tsefi près de la préfecture"
040329,PHARMACIE AGOU,PHARMACIE,PLATEAUX,"Agou-Gadzepe, Yovo-Kome, immeuble CIB INTA"
040330,USP VEH NKOUGNA,USP type I,PLATEAUX,Veh Nkougna
040331,USP VEH ETITIWUI,USP type I,PLATEAUX,Veh Etitiwui
040332,USP DANYIGAN,USP type I,PLATEAUX,Danyigan
040333,PHARMACIE EBEN- EZER,PHARMACIE,PLATEAUX,"Anié, Kpassakopé"
040334,CPECUS YOKELE DE KPALIME,HOPITAL DE DISTRICT,PLATEAUX,Kpalimé
040335,USP BLAKPA PETSI,USP type I,PLATEAUX,BLAKPA PETSI
040336,INFIRMERIE DE LA NOUVELLE SOCIETE COTONNIERE DU TOGO,INFIRMERIE,PLATEAUX,ATAKPAME
040338,CPECUS ATAKPAME,USP type II,PLATEAUX,ATAKPAME
040339,USP SEIBOU COPE,USP type I,PLATEAUX,SEIBOU COPE
040340,USP ZOZOKONDJI,USP type I,PLATEAUX,Zozokondji
040341,PHARMACIE LA COLOMBE,PHARMACIE,PLATEAUX,"Kpalimé, Kpégolonou, en face du collège protestant"
040342,USP KABAGNI,USP type I,PLATEAUX,akebou
040343,USP ZIONOU,USP type I,PLATEAUX,ADETA
040344,USP KPEKPETA,USP type I,PLATEAUX,Adéta
040345,CENTRE MEDICO- SOCIAL ANNA MARIA,USP type II,PLATEAUX,Agbonou
040346,CENTRE REGIONAL D'APPAREILLAGE ORTHOPEDIQUE ET REEDUCATION FONCTIONNELLE,CHR,PLATEAUX,Au sein du CHR Atakpamé
040347,USP ADOMI PLATEAU,USP type I,PLATEAUX,Wawa 2
040348,CENTRE MEDICO- SOCIAL ANNA MARIA DE KPALIME,USP type II,PLATEAUX,Hanyigba-Duga
040349,USP MANGOASSI,USP type I,PLATEAUX,Badou
040350,HOPITAL MERE- ENFANT DU TOGO AMOU-OBLO,CHU,PLATEAUX,Amou-oblo
040351,USP DEMADELI- EKETO,USP type I,PLATEAUX,AMLAME (Village Ekéto)
040352,USP GOVIE AKPATO,USP type I,PLATEAUX,Adéta
040353,USP KPELE DAFO,USP type I,PLATEAUX,Adéta
040354,USP TAKPARA,USP type I,PLATEAUX,Atakpamé
040355,USP DINDOU,USP type I,PLATEAUX,Notsé
050002,CMS KEVE,USP type II,MARITIME,"KEVE M. BAKAI Datemdowou, Responsable du centre"
050003,USP BATONOU,USP type I,MARITIME,"BATONOU, quartier AYOHONOU Mme MASSEGBE Ablavi, Responsable du centre"
050004,USP DJETA,USP type I,MARITIME,DJETA
050005,CHP ASSAHOUN,HOPITAL DE DISTRICT,MARITIME,ASSAHOUN
050006,USP GANAVE,USP type I,MARITIME,GANAVE
050007,USP AGBADJANAKE,USP type I,MARITIME,AGBODJANAKE
050008,USP GBODJOME,USP type I,MARITIME,GBODJOME
050009,USP GLIDJI,USP type I,MARITIME,GLIDJI
050010,USP ZAFI,USP type I,MARITIME,"TABLIGBO, ZAFI"
050011,USP ANYRON,USP type I,MARITIME,"ANYRON, quartier ANYRON M. LAMBONI Bapayène, Responsable du centre"
050012,USP GOUMOUKOPE,USP type I,MARITIME,GOUMOUKOPE
050013,CHR TSEVIE,CHR,MARITIME,TSEVIE
050014,USP HOMPOU,USP type I,MARITIME,"HOMPOU, Quartier HOMPOU M. ALI Rabiou, Responsable du centre"
050015,USP ATTI-ATOVOU,USP type I,MARITIME,"ATTI-ATOVOU, quartier ATOVOU M. SENAVON Ablam, Responsable du centre"
050016,USP KPETSOU,USP type I,MARITIME,"KPETSOU, Quartier DEDOME M. YAKANOU Yawo, Responsable du centre"
050017,USP BADJA,USP type I,MARITIME,"BADJA, Apégamé M. AZIAWOA Kodjo, Responsable du centre"
050018,USP LOGOHOME,USP type I,MARITIME,LOGOHOME
050019,USP BAGBE,USP type I,MARITIME,"BAGBE, quartier BAGBE Mme LABITE Dalé Dzidokuio, épse ATAKORA"
050020,USP MASSEDA,USP type I,MARITIME,MASSEDA
050021,USP BATOUME,USP type I,MARITIME,"BATOUME M. DEGOU Komlan, Responsable du centre"
050022,CMS AGBELOUVE,USP type II,MARITIME,AGBELOUVE
050023,USP MELLY DJIGBE,USP type I,MARITIME,MELLY DJIGBE
050024,USP DZOLO,USP type I,MARITIME,"DZOLO M. DJELOU Kossi, Responsable du centre"
050025,USP SEKO,USP type I,MARITIME,SEKO
050026,POLYCLINIQUE TSEVIE,HOPITAL DE DISTRICT,MARITIME,TSEVIE
050028,USP ZALIVE,USP type I,MARITIME,ZALIVE
050030,USP HEKPE,USP type I,MARITIME,HEKPE
050031,USP ABOBO,USP type I,MARITIME,ABOBO
050032,USP AGOUEGAN,USP type I,MARITIME,AGOUEGAN
050033,USP NOEPE,USP type I,MARITIME,"NOEPE, quartier Sodjakondji M. ESAFA Komi, Responsable du centre"
050034,USP ADANGBE,USP type I,MARITIME,ADANGBE
050035,USP TOVEGAN,USP type I,MARITIME,"TOVEGAN, quartier TOVEGAN M. AWLEGU Kossi, responsable du centre"
050037,USP YOMETCHIN,USP type I,MARITIME,YOMETCHIN
050038,USP ALOKOEGBE,USP type I,MARITIME,ALOKOEGBE
050039,USP YOPE-TSIVIEPE,USP type I,MARITIME,"YOPE-TSIVIEPE M. ALOU Hèzouwè, Responsable du centre"
050040,CHP VOGAN,HOPITAL DE DISTRICT,MARITIME,VOGAN
050042,USP ZOGBEPIME,USP type I,MARITIME,"ZOGBEPIME, quartier MOGODO M. MATCHAME Ounoh, Responsable du centre"
050043,USP DALAVE,USP type I,MARITIME,DALAVE
050044,USP ASSAN KONDJI,USP type I,MARITIME,ASSAN KONDJI
050045,CMS AKEPE,USP type II,MARITIME,AKEPE
050046,USP BADOUGBE,USP type I,MARITIME,BADOUGBE
050047,CMS DAVIE,USP type II,MARITIME,DAVIE
050049,USP DZREKPO,USP type I,MARITIME,DZREKPO
050050,CMS ADAMAVO,USP type II,GRAND LOMÉ,ADAMAVO
050051,CMS DJAGBLE,USP type II,MARITIME,DJAGBLE
050052,CMS ADIDOGOME,USP type II,GRAND LOMÉ,ADIDOGOME
050053,USP EKPUI,USP type I,MARITIME,EKPUI VOGAN
050054,USP GAME LILI,USP type I,MARITIME,GAME LILI
050055,CMS AGOE-NYIVE,HOPITAL DE DISTRICT,GRAND LOMÉ,AGOE-NYIVE
050056,USP HAHOTOE,USP type I,MARITIME,HAHOTOE
050057,USP GAME SEVA,USP type II,MARITIME,GAME SEVA
050058,USP HEDJEGAN,USP type I,MARITIME,HEDJEGAN
050059,CMS SANGUERA,USP type II,GRAND LOMÉ,Sanguera
050060,USP GAPE AVEGAN,USP type I,MARITIME,GAPE AVEGAN
050061,CMS BAGUIDA,USP type II,GRAND LOMÉ,BAGUIDA
050062,USP K. AGBANTOKOPE,USP type I,MARITIME,K. AGBANTOKOPE
050063,USP K. AKODA,USP type I,MARITIME,K. AKODA
050064,CMS GAPE CENTRE,USP type II,MARITIME,GAPE CENTRE
050065,CMS AGOE- ELAVAGNON,USP type II,GRAND LOMÉ,AGOE-ELAVAGNON
050066,USP M. HOUNKPATI,USP type I,MARITIME,M. HOUNKPATI
050067,USP GAPE KPODJI,USP type I,MARITIME,GAPE KPODJI
050068,USP MASSEKOPE,USP type I,MARITIME,MASSEKOPE
050069,CMA RBRA,HOPITAL DE DISTRICT,GRAND LOMÉ,CORPS CACAVELI
050070,USP SAGADAKOPE,USP type I,MARITIME,SAGADAKOPE
050071,CMA 2è RI,HOPITAL DE DISTRICT,GRAND LOMÉ,CAMP 2è RI
050072,USP GATI,USP type I,MARITIME,GATI
050073,USP SEVAGAN,USP type I,MARITIME,SEVAGAN
050074,CMA FIR,HOPITAL DE DISTRICT,GRAND LOMÉ,CAMP FIR
050075,CMS GBATOPE,USP type II,MARITIME,GBATOPE
050076,USP TOGOVILLE,USP type I,MARITIME,TOGOVILLE
050077,USP VO-ATTIVE,USP type I,MARITIME,"Vo-Attivé M. ANANI Komlan Lucien, Responsable du centre"
050078,CMS LEGBASSITO,USP type II,GRAND LOMÉ,LEGBASSITO
050079,USP HAVE,USP type I,MARITIME,HAVE
050080,USP VO-KOUTIME,USP type I,MARITIME,VO-KOUTIME
050081,CMS SEGBE,USP type II,GRAND LOMÉ,"SEGBE, quartier Ancienne Douane, à côté de l'église catholique notre Dame du Perpétuel Secours Dr. GNASSOUNOU-AKPA Eric, Médecin généraliste, Responsable du CMS"
050082,CMS KOVIE,USP type II,MARITIME,KOVIE
050083,USP WOGBA,USP type I,MARITIME,"Wogba M. AWOUSSI Ametowou Akakpo, Responsable du centre"
050084,CMS TOGBLEKOPE,USP type II,GRAND LOMÉ,TOGBLEKOPE
050085,USP GAPE KPEDJI,USP type I,MARITIME,GAPE KPEDJI
050086,USP ZOOTI,USP type I,MARITIME,ZOOTI
050087,CMS AKLAKOU,USP type II,MARITIME,AKLAKOU
050088,CMS ANFOIN,USP type II,MARITIME,ANFOIN
050089,CMS AHEPE,USP type II,MARITIME,AHEPE
050091,CMS KOUVE,USP type II,MARITIME,KOUVE
050092,CMS ATTITOGON,USP type II,MARITIME,ATTITOGON
050093,CHP TABLIGBO,HOPITAL DE DISTRICT,MARITIME,TABLIGBO
050094,USP APEYEME,USP type I,MARITIME,KPOME APEYEME
050096,USP ABOSSEHOE,USP type I,MARITIME,ABOSSEHOE
050097,POLYCLINIQUE KPOTA ANEHO,HOPITAL DE DISTRICT,MARITIME,ANEHO KPOTA
050098,USP APEYEME,USP type I,MARITIME,KPOME APEYEME
050099,USP ESSE ANA,USP type I,MARITIME,USP ESSE ANA
050100,USP KPOME AKADJAME,USP type I,MARITIME,KPOME AKADJAME
050101,"USP ESSE Z, NADJE",USP type I,MARITIME,"USP ESSE Z, NADJE"
050102,USP LEBE,USP type I,MARITIME,LEBE
050103,HOPITAL PSYCHIATRIQUE DE ZEBE-ANEHO,CHU,MARITIME,ZEBE (ANEHO)
050104,USP GBOTO VODOUPE,USP type I,MARITIME,USP GBOTO VODOUPE
050105,USP MISSION TOVE,USP type II,MARITIME,MISSION TOVE
050106,USP AGBANAKIN,USP type I,MARITIME,AGBANAKIN
050107,USP GBOTO ZEVE,USP type I,MARITIME,GBOTO ZEVE M. EKLE Yao Agbéko ; Responsable de l'USP
050108,USP TCHEKPO DEDEKPOE,USP type I,MARITIME,USP TCHEKPO DEDEKPOE
050109,USP TCHEKPO DEVE,USP type I,MARITIME,USP TCHEKPO DEVE
050110,USP WLI MIVAKPO,USP type I,MARITIME,WLI MIVAKPO S/C DPS ZIO
050111,CHP AFAGNAN,HOPITAL DE DISTRICT,MARITIME,AFANGNAN
050112,USP AGBETIKO,USP type I,MARITIME,AGBETIKO
050113,USP WLI CENTRE,USP type I,MARITIME,WLI CENTRE
050114,USP TOKPLI,USP type I,MARITIME,USP TOKPLI
050115,CMS (Ex USP) AGBODRAFO,USP type II,MARITIME,AGBODRAFO
050116,USP WONOUGBA,USP type I,MARITIME,WONOUGBA
050117,USP TOMETY KONDJI,USP type I,MARITIME,USP TOMETY KONDJI
050118,USP AGOME GLOZOU,USP type I,MARITIME,AGOME GLOZOU
050119,USP YOTOKOPE,USP type I,MARITIME,USP YOTOKOPE
050120,USP AGOME SEVA,USP type I,MARITIME,"AGOME SEVA, quartier PEDAKOME M. ASSIMPAH Komlan, Responsable du centre"
050121,USP ATOETA,USP type I,MARITIME,ATOETA
050122,USP ATTITSO KONDJI,USP type I,MARITIME,ATTITSO KONJI
050123,USP AVEVE,USP type I,MARITIME,AVEVE
050124,CMS AKOUMAPE,USP type II,MARITIME,AKOUMAPE
050125,ANYRONKOPE,USP type I,MARITIME,ANYRONKOPE
050127,CHP ANEHO,HOPITAL DE DISTRICT,MARITIME,ANEHO
050128,USP CAMP FIR,USP type I,MARITIME,CAMP FIR
050129,COMPS BAGUIDA,USP type II,MARITIME,BAGUIDA
050130,MIDAWOKOPE,USP type I,MARITIME,
050131,USP DAGBATI,USP type I,MARITIME,"Dagbati Centre M. AMEGNAGLO Koami, Responsable du centre"
050132,USP AFIDENYIGBAN,USP type I,MARITIME,AFIDENYIGBAN
050133,USP MOME-KATIHOE,USP type I,MARITIME,
050134,USP MOME- HOUNKPATI,USP type I,MARITIME,
050135,USP TSEVIE WEME,USP type I,MARITIME,
050136,USP DJEMEKEY,USP type I,MARITIME,
050137,USP AYAKOPE,USP type I,MARITIME,AYAKOPE
050138,DPS ZIO,HOPITAL DE DISTRICT,MARITIME,
050140,USP GBOTO ASSIGAME,USP type I,MARITIME,GBOTO ASSIGAME
050141,USP AMOUSSIME,USP type I,MARITIME,
050142,USP ZOUVI,USP type I,MARITIME,
050143,USP KINI KONDJI,USP type I,MARITIME,
050144,CENTRE MEDICAL DES ARMEES 1er REGIMENT INTERARMES (CMA 1er RI),HOPITAL DE DISTRICT,GRAND LOMÉ,Zowla
050145,CS DAGBE,USP type I,MARITIME,
050146,CS DE PEDAKONDJI,USP type I,MARITIME,
050147,POLYCLINIQUE DE VOGAN,HOPITAL DE DISTRICT,MARITIME,
050148,USP ATAHONOU,USP type I,MARITIME,ATAHONOU
050149,HOPITAL SAINT JEAN DE DIEU AFAGNAN,CHU,MARITIME,
050150,USP GODJEME,USP type I,MARITIME,
050151,ONG CREMA,USP type I,MARITIME,
050154,USP GAPE NYASSIVE,USP type I,MARITIME,GAPE NYASSIVE
050155,GAPE DZATIKPO,USP type I,MARITIME,
050157,AIDSS,USP type II,MARITIME,
050158,SERVICE AMICAL,USP type II,MARITIME,
050159,TSIKLONOUKONDJI,USP type II,MARITIME,
050160,USP YOBO SEDZRO,USP type I,MARITIME,YOBO SEDZRO
050161,GAPE ATCHANVE,USP type I,MARITIME,
050162,KPOGAME,USP type I,MARITIME,
050163,JVS,USP type II,MARITIME,
050165,USP KPOME APEYEME,USP type I,MARITIME,
050168,USP GAPE-ALOYI,USP type I,MARITIME,
050169,CMS DEVEGO,USP type II,GRAND LOMÉ,DEVEGO
050170,PHARMACIE DU ZIO,PHARMACIE,MARITIME,AJOKOU KOFFI SEWA
050171,ONG AIDES MEDICALES ET CHARITE,CHU,MARITIME,
050172,CABINET MEDICAL VIE ET SANTE,CHU,MARITIME,
050174,AIDSS-TSEVIE,CHU,MARITIME,
050175,USP SOKO TOMETY,USP type I,MARITIME,
050176,INFIRMERIE DU GARAGE CENTRAL,USP type I,MARITIME,
050177,PMI TSEVIE,USP type I,MARITIME,
050178,USP KPLEVIE SOGBEDI,USP type I,MARITIME,
050179,CMS SP KOWE,USP type II,MARITIME,
050180,USP TOGOKOME,USP type I,MARITIME,
050181,POSTE DE SECOURS,USP type I,MARITIME,GENDARMERIE NATIONALE ANEHO (PS GN ANEHO)
050182,CMS LA PERSEVERANCE,HOPITAL DE DISTRICT,MARITIME,
050183,CMS ECHANGE ET SOLIDARITE FRANCE- TOGO,USP type II,GRAND LOMÉ,AGOE-TELESSOU
050184,PHARMACIE D'ANEHO WOEZON,PHARMACIE,MARITIME,"Aného, carrefour 13 janvier non loin de l'ECOBANK Dr TIDJANI Tewfick, Docteur d'Etat en pharmacie, Titulaire et Responsable de la Pharmacie"
050185,HOPITAL JURA,CHU,GRAND LOMÉ,Adétikopé
050186,CABINET MEDICAL AVICENNE,CHU,GRAND LOMÉ,Agoè-BKS
050187,PHARMACIE NOTRE DAME DE LOURDES,PHARMACIE,GRAND LOMÉ,AGOE
050188,USP CATHOLIQUE GRAZIANO BORTOLOTTI,USP type I,MARITIME,AUT N0203/2012/MS/CAB/DGS BP 22 TABLIGBO
050189,POLYCLINIC LE CENTURION,CHU,MARITIME,"Lomé, Cacaveli Dr HUNLEDE A. Ekue Emmanuel, Médecin généraliste, Titulaire et Responsable du cabinet"
050190,PHARMACIE ABRAHAM,PHARMACIE,GRAND LOMÉ,AGOE LOGOPE RTE SANGUERA
050191,CMS AVENIR ENFANCE TOGO,HOPITAL DE DISTRICT,GRAND LOMÉ,AGOE
050192,CLINIQUE MEDICO CHIRURGICALE ESPOIR BETHEL,CHU,GRAND LOMÉ,Agoè Gbonvé
050193,CLINIQUE MEDICALE CERVEAU ET NERF,CHU,GRAND LOMÉ,AGOE TELESSOU MINAMADOU CARREFOUR DU PARDON
050194,CLINIQUE MEDICALE LE BIEN ETRE,CHU,GRAND LOMÉ,"SEGBE, ADIDOGOME"
050195,CMS BERCEAU D'ADETIKOPE,HOPITAL DE DISTRICT,MARITIME,"ATITCHE KOMLAN, AUT N° 010/2013/MS/CAB/DGS/DES, BP 31227 LOME"
050196,CMS MA SANTE,HOPITAL DE DISTRICT,GRAND LOMÉ,AGOE LOGOPE
050197,CLINIQUE PICARDIE TOGO,CHU,MARITIME,"MANOU KOSSI BENDUKILOU, AUT N°128/97 MS AGOENYIVE"
050198,HOPITAL PRIVE REGINA PACIS,HOPITAL DE DISTRICT,GRAND LOMÉ,Apédokoe-Attigangomé
050199,CLINIQUE MEDICALE LES VICTORIEUX,CHU,GRAND LOMÉ,QUARTIER ZOPOMAHE ZANGUERA CONV LE 10 04 2014
050200,CLINIQUE ETERNEL NOTRE GUIDE,CHU,MARITIME,ADETIKOPE
050201,HOPITAL SOEURS DE LA PROVIDENCE KOUVE,HOPITAL DE DISTRICT,MARITIME,"Kouvé, Tabligbo"
050202,PHARMACIE REGINA PACIS,PHARMACIE,MARITIME,ADETIKOPE - NATIONALE N°1
050203,CENTRE MEDICO- SOCIAL SOLIDARITE,USP type II,MARITIME,DEVE A DJAGBLE
050204,CLINIQUE MEDICALE GAMESU,CHU,GRAND LOMÉ,"Lomé, AVEDJI-WESSOME, MAISON SIMLIWA;CARREFOUR ""QUATRIEME ZONE"
050205,CENTRE MEDICO- SOCIAL LA VIE,USP type II,GRAND LOMÉ,"ADIDOGOME-LEGBANOU, TOUT JUSTE DERRIERE LES RAILS"
050206,PHARMACIE LA FLAMME D'AMOUR,PHARMACIE,GRAND LOMÉ,"AGODEKE, GARE FERROVIAIRE AU BORD DE L'ANCIENNE N°2"
050209,CLINIQUE FADEL,CHU,GRAND LOMÉ,"Agoè Logopé sur l'ancienne rue CEDEAO, à 300m côté ouest de la Pharmacie Espace et Vie et du Cms MA Santé"
050210,CMS LERO,USP type II,GRAND LOMÉ,AGOE ASSIYEYE NON LOIN DU COLLEGE BOILEAU
050211,CLINIQUE KÔM- OMBO,CHU,GRAND LOMÉ,"AGOE-ASSIYEYE,A 100M DE LA PHARMACIE VITAS"
050213,PHARMACIE BONTE,PHARMACIE,MARITIME,ADIDOGOME WONYOME SUR LA ROUTE DE SEGBE EN FACE DE LA STATION SANOL
050214,CLINIQUE MEDICALE LA HARPE DE DAVID,CHU,GRAND LOMÉ,"AGOE - DALIKO, PRES DU CAMP DES GARDIENS DE PREFECTURE A 50M DU CARREFOUR EDEM (CÔTE OUEST)"
050215,MAISON MEDICALE,USP type II,MARITIME,"TONOUKOUTI, DANS LE CANTON D'ADETIKOPE A ENVIRON 300M DE L'ECOLE PRIMAIRE EVANGELIQUE EN ALLANT VERS DJAGBLE"
050216,PHARMACIE VOLONTAS DEÏ,PHARMACIE,GRAND LOMÉ,"QUARTIER AVEDJI, AU LIEU DIT CAREFOUR SUN CITY"
050217,CLINIQUE MEDICALE LE MILLENIUM,CHU,MARITIME,"Tsévié, Daviémondji, à 200 m de la route nationale N° 1 Dr AGBETIAFA Kossi, Médecin généraliste, Titulaire et Responsable de la clinique"
050219,CMS SALUT ET VIE,HOPITAL DE DISTRICT,GRAND LOMÉ,ADIDOGOME-YOKOE à 3 Km du CMS ADIDOGOME
050220,PHARMACIE BELIEVE,PHARMACIE,MARITIME,"TSEVIE, DAVIEMONDJI"
050222,CMS TOUT A MERVEILLE,USP type I,MARITIME,"AMEVO Kokouvi, Directeur Exécutif ADETIKOPE"
050223,USP HABITAT,USP type I,MARITIME,
050224,USP HANGOUME,USP type I,MARITIME,
050225,PHARMACIE BENEDICTA AURORA,PHARMACIE,MARITIME,"Dr ATIKPO-GAKPETSE Koffi Selom, Docteur en Pharmacie VOGAN-ADJREGO en face du CHP VOGAN"
050226,Infirmerie de la CNSS ANEHO,USP type I,MARITIME,KODJO Okoussou
050228,CMS de la Prison Civile Vogan,USP type I,MARITIME,"GOFFEY Ayito Smaïla, Infirmier du Corps de l'Administration Pénitentiaire"
050229,CENTRE DE SECOURS MEDICAL D'ATIYE- CONDJI,USP type I,MARITIME,"AGLAMEY Komi, Infirmier Auxiliaire d'Etat, Responsable Canton de Glidji"
050230,CENTRE MEDICO- SOCIAL DONUM DEI,USP type I,MARITIME,"M. AMEDOME Tinin Efadji, Assistant Médical 200 m du carrefour Agbata-Agbavi"
050231,USP GBOTO KOSSIDAME,USP type I,MARITIME,"Gboto, quartier Kossidamé"
050232,PHARMACIE ATLANTIQUE,PHARMACIE,GRAND LOMÉ,"""Agbavi, Carrefour Agbavi-Agbata Dr ATAYI Messan Adodo Cy-ka, Docteur en pharmacie, Titulaire et Responsable de la pharmacie"""
050233,USP AVOUTOKPA- MAWOUSSI,USP type I,MARITIME,"Avoutokpa, quartier Atchantidome"
050234,USP TANNOU,USP type I,MARITIME,"Tannou, quartier Ablogodo"
050235,CMS MONTS DES OLIVIERS,USP type II,MARITIME,"Quartier Foly Komè Rue Comoé en face de l'auberge de la mairie de Tabligbo. M. KOUDAN Ayawogan, Assistant Médical, Responsable."
050236,USP SEWOVE,USP type I,MARITIME,"Tsévié, Séwové"
050237,USP KLOKPOE,USP type I,MARITIME,"Tsévié, Bolou-Klokpoe"
050238,PHARMACIE BAKOE,PHARMACIE,MARITIME,"Apéssito, route non bitumée Légbassito - Mission tové non loin de l'Etat Civil Dr BAKONDE Abidé Gisèle, Docteur d'Etat en pharmacie, Titulaire et Responsable de la pharmacie"
050239,USP GBEMOU KONDJI,USP type I,MARITIME,"GBEMOU KONDJI M. AKAGAKOU Agbessimé, Responsable du centre"
050240,USP AGBADZANAKE,USP type I,MARITIME,"AGBADZANAKE M. LAMBONI Ardjouma, Responsable du centre"
050241,USP AZIAGBA-CONDJI,USP type I,MARITIME,"Aného, Habitat M. DANA Kolgma, IDE, Responsable du centre"
050242,USP KLIKAME,USP type I,MARITIME,"AFAGNAN, quartier KLIKAME M. ALAGBE Koffi Adeloyé, Responsable du centre"
050243,USP KPEME,USP type I,MARITIME,"Kpémé Mme AMEDORNU Akouvi Christelle Inès, IDE, Responsable du centre"
050244,CLINIQUE D'ACCOUCHEMENT EUTOCIQUE «LA NOBLESSE»,USP type II,MARITIME,"Apéssito-Avenyakè Mme SAFIOU Roubam, Sage-femme diplômée d'Etat, Responsable de la clinique"
050245,CLINIQUE MEDICALE SEMANOU,CHU,GRAND LOMÉ,"Apéssito, canton de Mission Tové"
050246,USP DZREKPO- HAGOU,USP type I,MARITIME,VOGAN
050247,USP DJEKOTOE,USP type I,MARITIME,Djekotoe
050248,PHARMACIE MAJESTE,PHARMACIE,MARITIME,Carrefour Dague-Gbodjome
050249,PHARMACIE DE L'AVE,PHARMACIE,MARITIME,"Assahoun, en face l'église catholique et du CHP"
050250,USP BOKO,USP type I,MARITIME,BOKO
050251,PHARMACIE KOBOYO,PHARMACIE,MARITIME,"Davié, route nationale N° 1 avant le péage de Tsévié, en face de la station Sanol"
050252,USP TANOU,USP type I,MARITIME,TANOU
050253,USP TONA KONDJI,USP type I,MARITIME,"TABLIGBO, TONA KONDJI"
050254,USP AKLADJENOU,USP type I,MARITIME,AKLADJENOU
050255,centre médico-social ATE AND CARIN HEMMES,USP type II,MARITIME,Noépé
050256,CABINET DE SOINS INFIRMIERS EBENEZER,USP type I,MARITIME,"Dzrekpo Dallas ; M. AGBEVIDE Komlan, IDE, Responsable du cabinet"
050257,PHARMACIE ELKANAH,PHARMACIE,MARITIME,"Tsévié, route nationale N° 1, face à la station TOTAL ; Dr Gomido SOSSOUKPE, Titulaire et Responsable de la pharmacie"
050258,PHARMACIE AGBELOUVE,PHARMACIE,MARITIME,"Agbélouvé, route nationale N° 1 non loin du marché"
050259,PHARMACIE VOGAN,PHARMACIE,MARITIME,"Vogan, à côté de SUNU BANK"
050260,PHARMACIE YOTO,PHARMACIE,MARITIME,"Tabligbo, Afonouvi Kome, en face de l'église méthodiste"
050261,INFIRMERIE DE LA SNPT HAHOTOE,INFIRMERIE,MARITIME,Hahotoe
050262,INFIRMERIE DE LA SNPT KPEME,INFIRMERIE,MARITIME,Kpémé
050263,USP ADJOGUIDI,USP type I,MARITIME,ADJOGUIDI
050264,USP SEDOKONDJI,USP type I,MARITIME,Sedokondji
050265,SERVICE DE SECURITE ET DE SANTE AU TRAVAIL DE DIAMOND CEMENT TOGO S.A.,INFIRMERIE,MARITIME,Dalavé
050266,PHARMACIE YASMEEN,PHARMACIE,MARITIME,"Adjido-Aného, face station TOTAL ENERGIE"
050267,INFIRMERIE WACEM TOGO,INFIRMERIE,MARITIME,Tabligbo
050268,USP LILIKOPE,USP type I,MARITIME,LILIKOPE
050269,USP GOKA KOPE,USP type I,MARITIME,GOKA KOPE
050270,USP DONON,USP type I,MARITIME,DONON
050271,USP GAME FOKPE,USP type I,MARITIME,Game Fokpé
050272,PHARMACIE DU LAC,PHARMACIE,MARITIME,"Agbodrafo, non loin de la Poste et de la Gendarmerie"
050273,PHARMACIE AJP- ABOLAVE,PHARMACIE,MARITIME,"Djagblé, route Abolavé à 50 m de l'Institut Scolaire le Sauveur"
050274,PHARMACIE SIKA,PHARMACIE,MARITIME,"Djagblé Hihéatro, à 200 m du complexe scolaire La Persévérance, route Akakopé-Bamakopé"
050275,USP AFIKOU KONDJI,USP type I,MARITIME,AFIKOU KONDJI
050276,USP AMEDJROVI KONDJI,USP type I,MARITIME,AMEDJROVI KONDJI
050277,PHARMACIE VERTS PÂTURAGES,PHARMACIE,MARITIME,"Noèpé, quartier Akplofimé"
050278,USP GAPE GUINDJI,USP type I,MARITIME,GAPE GUINDJI
050279,PHARMACIE ANFOIN,PHARMACIE,MARITIME,ANFOIN-KPOTA
050280,PHARMACIE HELENE,PHARMACIE,MARITIME,ZOGBEGAN EN FACE DU MARCHE D'AVETA
050281,PHARMACIE DE DAVIE,PHARMACIE,MARITIME,DAVIE
050282,PHARMACIE APESSITO,PHARMACIE,GRAND LOMÉ,"Apéssito, , sur la route AgoèNyivé/Mission Tové"
050283,CLINIQUE D'ACCOUCHEMENT EUTOCIQUE DEAGBE,USP type II,MARITIME,Mission Tové quartier apessito
050284,PHARMACIE EL JIREH,PHARMACIE,MARITIME,Tsévié
050285,HOPITAL BAPTISTE LA GRACE,HOPITAL DE DISTRICT,MARITIME,Akoumapé
050286,USP VODZE,USP type I,MARITIME,Vodze
050287,Centre Médico-sSocial JOSEPH NASCIMBENI,USP type II,MARITIME,Dagbati-Todome
050288,Centre Médico-Social SILO,HOPITAL DE DISTRICT,MARITIME,AGBATA-LANZO
050289,PHARMACIE LA PIERRE ANGULAIRE,PHARMACIE,MARITIME,Agovoudou
050290,INFIRMERIE SCANTOGO,INFIRMERIE,MARITIME,Tabligbo
050291,CABINET DE SOINS INFIRMIERS SANTE D'ABORD,USP type I,MARITIME,Davié-toumé
060002,CENTRE DE SANTE ADAKPAME,USP type II,GRAND LOMÉ,Adakpamé
060003,CMS ADJANGBAKOME,POLYCLINIQUE,GRAND LOMÉ,ADJANGBAKOME
060004,CENTRE DE SANTE DE LOME,HOPITAL DE DISTRICT,GRAND LOMÉ,LOME
060006,HOPITAL DE BE- KPOTA,HOPITAL DE DISTRICT,GRAND LOMÉ,"LOME, BE KPOTA ANFAME"
060007,CMS NUKAFU,USP type II,GRAND LOMÉ,NUKAFU
060008,CENTRE DE SANTE AMOUTIVE,USP type II,GRAND LOMÉ,AMOUTIVE
060009,CMS GBENYEDJI,USP type II,GRAND LOMÉ,GBENYIDJI
060010,HOPITAL DE BE,HOPITAL DE DISTRICT,GRAND LOMÉ,"Lomé, Bè Mme ADJEODA Azobua, Directrice de l'hôpital"
060011,CENTRE DE SANTE KODJOVIAKOPE,HOPITAL DE DISTRICT,GRAND LOMÉ,KODJOVIAKOPE
060012,CMS NYEKONAKPOE,HOPITAL DE DISTRICT,GRAND LOMÉ,NYEKONAKPOE
060013,CMS UTB CIRCULAIRE,HOPITAL DE DISTRICT,GRAND LOMÉ,NYEKONAKPOE
060014,CHU CAMPUS,CHU,GRAND LOMÉ,CAMPUS
060015,CHU SYLVANUS OLYMPIO,CHU,GRAND LOMÉ,TOKOIN
060017,CMS CACAVELI,HOPITAL DE DISTRICT,GRAND LOMÉ,CACAVELI
060018,CMS DJIDJOLE,HOPITAL DE DISTRICT,GRAND LOMÉ,DJIDJOLE
060019,CMS DOUMASSESSE,USP type II,GRAND LOMÉ,DOUMASSESSE
060021,PHARMACIE BON PASTEUR,PHARMACIE,GRAND LOMÉ,AGBOMSON-D'ALMEIDA MAWUSSE SESSE
060022,PHARMACIE ORCHIDEE,PHARMACIE,GRAND LOMÉ,AGLEBE AKOUWA MAWUSSI
060023,PHARMACIE LUMEN,PHARMACIE,GRAND LOMÉ,Tokoin Cassablanca
060024,PHARMACIE DE LA PAIX,PHARMACIE,GRAND LOMÉ,AHADJI TETE KATE
060025,PHARMACIE PROVIDENCE,PHARMACIE,GRAND LOMÉ,AWOUSSI AFIWA
060026,PHARMACIE 3èm ARRONDISSEMENT,PHARMACIE,GRAND LOMÉ,AHO YAO JOËL
060027,PHARMACIE SAINT KISITO,PHARMACIE,GRAND LOMÉ,ALOU KIKI ESSONANNA
060028,PHARMACIE SHALOM,PHARMACIE,GRAND LOMÉ,Agoè-cacaveli
060029,PHARMACIE VIE,PHARMACIE,GRAND LOMÉ,BALAKA LAOUKPESSA
060030,PHARMACIE AKOFA,PHARMACIE,GRAND LOMÉ,AHODIKPE-d'ALMEIDA DEDE DENISE
060031,PHARMACIE VITAFLORE,PHARMACIE,GRAND LOMÉ,AMAGLI DEDE AMESSIKO
060032,PHARMACIE DE L'ESPERANCE,PHARMACIE,GRAND LOMÉ,AITHNARD-NICOUE ELSA
060033,PHARMACIE MAELYS,PHARMACIE,GRAND LOMÉ,AMOUSSOU KPETO AMAVI AMELE NICOLE
060034,PHARMACIE POUR TOUS,PHARMACIE,GRAND LOMÉ,D'ALMEIDA AYIGAN OSSOKANAM
060037,PHARMACIE THERYA,PHARMACIE,GRAND LOMÉ,DODZRO YAWA
060038,PHARMACIE SARAH,PHARMACIE,GRAND LOMÉ,DAMARLY AYITE SELOM
060039,PHARMACIE DJIDJOLE-AKAHF,PHARMACIE,GRAND LOMÉ,"Lomé, Djidjolé, Avenue PYA"
060040,PHARMACIE DU MILLENAIRE,PHARMACIE,GRAND LOMÉ,AKPELI TATA KADJA
060041,PHARMACIE DES ROSES,PHARMACIE,GRAND LOMÉ,VAKPOSSITO
060042,PHARMACIE ELI - BERACA,PHARMACIE,GRAND LOMÉ,AYIKOE-GAVOH DEDE AFIWA
060043,PHARMACIE EXCELLENCE,PHARMACIE,GRAND LOMÉ,AGOE DEMAKPOE
060044,PHARMACIE AVE MARIA,PHARMACIE,GRAND LOMÉ,Face ENSF (Ecole Nationale des Sages Femmes) près du CHU S.O Tokoin-Hôpital
060045,PHARMACIE PROSPERITE,PHARMACIE,GRAND LOMÉ,AMOUZOU AGOLIKI AMEVI KAFUI
060046,PHARMACIE LUMIERE,PHARMACIE,GRAND LOMÉ,AYITE A. AYAYI
060047,PHARMACIE FOREVER,PHARMACIE,GRAND LOMÉ,TOKOIN-FOREVER
060048,PHARMACIE HEDZRANAWE,PHARMACIE,GRAND LOMÉ,BAYOR MOUSBAOU
060050,PHARMACIE CRISTAL,PHARMACIE,GRAND LOMÉ,DIALLO ABOUDOULATIF
060051,PHARMACIE KEGUE,PHARMACIE,GRAND LOMÉ,BABALIMA-BELLO BAKENEMA
060052,PHARMACIE SAINT MICHEL,PHARMACIE,GRAND LOMÉ,AGOE BRASSERIE BB
060053,PHARMACIE N-D DE MEDJ,PHARMACIE,GRAND LOMÉ,DORKENOO ADJOWAVI ENYONAM
060054,PHARMACIE SOLIDARITE,PHARMACIE,GRAND LOMÉ,Totsi
060055,PHARMACIE DU CENTRE,PHARMACIE,GRAND LOMÉ,
060056,PHARMACIE ST RAPHAEL,PHARMACIE,GRAND LOMÉ,DOSSEH ESSAVI ROBERTA
060057,PHARMACIE ST PAUL,PHARMACIE,GRAND LOMÉ,BODJONA YAO
060058,PHARMACIE DES LILAS,PHARMACIE,GRAND LOMÉ,APEDO KOFFI
060059,PHARMACIE DES ETOILES,PHARMACIE,GRAND LOMÉ,Quartier des Etoiles
060060,PHARMACIE BESDA,PHARMACIE,GRAND LOMÉ,DRAH KOKOU ATIDEKA P.
060061,PHARMACIE JAHNAP,PHARMACIE,GRAND LOMÉ,"DJANEYE NAPO, Pharmacien"
060062,PHARMACIE LA PATIENCE,PHARMACIE,GRAND LOMÉ,ASSOU AYAOVI
060063,PHARMACIE LE GALIEN,PHARMACIE,GRAND LOMÉ,ADIDOADIN
060064,PHARMACIE DE LA NATION,PHARMACIE,GRAND LOMÉ,ABASSEM PANIPAGNIDOU
060065,PHARMACIE AGOE- NYIVE,PHARMACIE,GRAND LOMÉ,DJANGBEDJA-SAMBIANI
060066,PHARMACIE JUSTINE,PHARMACIE,GRAND LOMÉ,BAGNAH-GAMON BIYA
060067,PHARMACIE LA REFERENCE,PHARMACIE,GRAND LOMÉ,ATAMEKLOE KOMIVI BIOVA
060068,PHARMACIE DE LA CITE,PHARMACIE,GRAND LOMÉ,AVENOU
060069,PHARMACIE EMMANUEL,PHARMACIE,GRAND LOMÉ,DRAVIE-AHIEKPO-DALMEIDA A. ENYONAM M-CLAIRE
060070,PHARMACIE CHARITE,PHARMACIE,GRAND LOMÉ,DJATO DJAGRI-KPANE N'BORTIME
060071,PHARMACIE ADJOLOLO,PHARMACIE,GRAND LOMÉ,Nyékonakpoè
060072,PHARMACIE VITAS,PHARMACIE,GRAND LOMÉ,
060073,PHARMACIE BON SECOURS,PHARMACIE,GRAND LOMÉ,
060074,PHARMACIE BAH,PHARMACIE,GRAND LOMÉ,BAH-TRAORE ARIZOUMA
060075,PHARMACIE DE LA LIBERATION,PHARMACIE,GRAND LOMÉ,TOKOIN TRESOR
060076,PHARMACIE FRATERNITE,PHARMACIE,GRAND LOMÉ,ATTISE GBEASSOR AMEYO
060077,PHARMACIE ECLAIR,PHARMACIE,GRAND LOMÉ,D'ALMEIDA AKOUETE GEORGES
060078,PHARMACIE VIGUEUR,PHARMACIE,GRAND LOMÉ,BAKOMA BATOMAYENA
060079,PHARMACIE DU PORT,PHARMACIE,GRAND LOMÉ,ACAKPO-ADDRA-A. BAYI MIMOWALE
060080,PHARMACIE DE LA GARE,PHARMACIE,GRAND LOMÉ,EDOH AFUA
060081,PHARMACIE GBEZE,PHARMACIE,GRAND LOMÉ,ALOKPA KODZOVI
060082,PHARMACIE AKODESSEWA,PHARMACIE,GRAND LOMÉ,D'ALMEIDA AKUAVI
060083,PHARMACIE CHRIST ROI,PHARMACIE,GRAND LOMÉ,EQUAGOO KODJO MESSAN
060084,PHARMACIE LE DESTIN,PHARMACIE,GRAND LOMÉ,EDORH S. MAWUTODJI
060085,PHARMACIE MAWULE,PHARMACIE,GRAND LOMÉ,D'ALMEIDA AMAH MAWULE ERIC
060086,PHARMACIE FIDELIA,PHARMACIE,GRAND LOMÉ,ESSAW-GABA NAMBEH MARIE- C
060087,PHARMACIE DE L'UNION,PHARMACIE,GRAND LOMÉ,EKUE-DOVI-AKUE KOKOE DJIDOUTO E.
060088,PHARMACIE KODJOVIAKOPE,PHARMACIE,GRAND LOMÉ,D'ALMEIDA AYAYI B.
060089,PHARMACIE DU PEUPLE,PHARMACIE,GRAND LOMÉ,Nukafu
060091,PHARMACIE LA MISERICORDE,PHARMACIE,GRAND LOMÉ,FANTOHOU KOFFI KASSEGNE
060092,PHARMACIE DU POINT E,PHARMACIE,GRAND LOMÉ,FONGBEMI KOMLAN
060093,PHARMACIE LA GRACE,PHARMACIE,GRAND LOMÉ,Agoè-Nyivé face au stade
060094,PHARMACIE VITALIS,PHARMACIE,GRAND LOMÉ,GABA AYI NJOMO
060096,PHARMACIE DEO GRATIAS,PHARMACIE,GRAND LOMÉ,GBEDEY-LAWSON MIHIAM AYABAVI
060097,PHARMACIE BETHEL,PHARMACIE,GRAND LOMÉ,ADJOVI-DISSOU DJOWOASSI FADJO
060098,PHARMACIE BAGUIDA,PHARMACIE,GRAND LOMÉ,GBEGNEDI KODJOGAN
060099,PHARMACIE DE LA MAIRIE,PHARMACIE,GRAND LOMÉ,AGBEMEBIA-AGBASSA AMAVI
060101,PHARMACIE ACTUEL,PHARMACIE,GRAND LOMÉ,AGBETRA LAMTOUKOU
060102,PHARMACIE POPULAIRE,PHARMACIE,GRAND LOMÉ,GONCALVES-DRAVIE AHOEFA
060103,PHARMACIE EPIPHANIA,PHARMACIE,GRAND LOMÉ,AGBOKPE TOTEKPOMAWU K.
060104,PHARMACIE EDEN,PHARMACIE,GRAND LOMÉ,HAINGA PASSAMA
060106,PHARMACIE APOLLON,PHARMACIE,GRAND LOMÉ,KAVEGUE ADJOVI
060108,PHARMACIE SOURCE DE VIE,PHARMACIE,GRAND LOMÉ,Tokoin
060109,PHARMACIE VERSEAU,PHARMACIE,GRAND LOMÉ,Baguida
060110,PHARMACIE YEM- BLA,PHARMACIE,GRAND LOMÉ,TOKOIN WUITI
060112,PHARMACIE KOUESSAN,PHARMACIE,GRAND LOMÉ,Kégué
060113,PHARMACIE LAUS DEO,PHARMACIE,GRAND LOMÉ,Adidoadin
060114,PHARMACIE DE VIE,PHARMACIE,GRAND LOMÉ,BALAKA LAOUKPESSA
060115,PHARMACIE EMMAUS,PHARMACIE,GRAND LOMÉ,AGOE DEMAKPOE
060118,PHARMACIE HOPITAL,PHARMACIE,GRAND LOMÉ,NIMON ENI
060119,PHARMACIE DE L'AMITIE,PHARMACIE,GRAND LOMÉ,KIDIFEMA ASSOTI YAO M.
060121,PHARMACIE JEANNE D'ARC,PHARMACIE,GRAND LOMÉ,RUE SYLVANUS OLYMPIO
060122,PHARMACIE ENOULI,PHARMACIE,GRAND LOMÉ,KODJO ANKU
060123,PHARMACIE DU BOULEVARD,PHARMACIE,GRAND LOMÉ,LAWSON DRACKEY A. LATE
060124,PHARMACIE CLOPKE,PHARMACIE,GRAND LOMÉ,PAKAYI SATO EYASSAMA
060125,PHARMACIE OSSAN,PHARMACIE,GRAND LOMÉ,KOFFI Abra Délali
060126,PHARMACIE ROBERTSON,PHARMACIE,GRAND LOMÉ,"607, Avenue François MITTERAND, Nyékonakpoé"
060127,PHARMACIE VERTE,PHARMACIE,GRAND LOMÉ,"KLIKAME, AVENUE DE LA CHANCE / FACE A LA NOUVELLE DIRECTION TOGOCEL"
060128,PHARMACIE SAINTE MARIE,PHARMACIE,GRAND LOMÉ,"QUASHIE-JOHNSON GUIGUI ENYONAM, TOKOIN RAMCO"
060129,PHARMACIE DIEUDONNE,PHARMACIE,GRAND LOMÉ,KOHOE KOMI
060130,PHARMACIE DU GRAND MARCHE,PHARMACIE,GRAND LOMÉ,ROGER-AGBOKOU REGINE MARCELLE A.
060131,PHARMACIE BIOVA,PHARMACIE,GRAND LOMÉ,MABOUDOU DEDE BIOVA
060132,PHARMACIE DES ECOLES,PHARMACIE,GRAND LOMÉ,SALOU MOUNEROU
060133,PHARMACIE DE KPEHENOU,PHARMACIE,GRAND LOMÉ,MASSOUGBODJI KOFFI
060134,PHARMACIE BEL AIR,PHARMACIE,GRAND LOMÉ,SEDDOH-MENSAH AYAWOVI EDEM
060135,PHARMACIE SAINTE RITA,PHARMACIE,GRAND LOMÉ,SEGLA YAO M.
060136,PHARMACIE LA SANTE,PHARMACIE,GRAND LOMÉ,SOSSAVI ADJOVI
060137,PHARMACIE DE L'HOPITAL,PHARMACIE,GRAND LOMÉ,SOSSOUKPE MAWUSSUTE
060138,PHARMACIE NOTRE DAME DE LA TRINITE,PHARMACIE,GRAND LOMÉ,Bd de la Paix après Super Taco
060139,PHARMACIE ADIDOGOME,PHARMACIE,GRAND LOMÉ,"Lomé, Adidogomé, face au camp du 2ème RI, route de Kpalimé"
060140,PHARMACIE ESPACE- VIE,PHARMACIE,GRAND LOMÉ,AGOE
060141,PHARMACIE ST JOSEPH,PHARMACIE,GRAND LOMÉ,KOMLAN-GAYIBOR KUAMBA
060142,PHARMACIE TAKOE,PHARMACIE,GRAND LOMÉ,TAMAKLOE KOFFI AKPEYEDZE T. E.
060143,PHARMACIE ADONAI,PHARMACIE,GRAND LOMÉ,AGOE NYIVE PLANTATION
060144,PHARMACIE EL SHADAI,PHARMACIE,GRAND LOMÉ,TCHALARE OUNO ZIMARE
060145,PHARMACIE SAINT ANTOINE,PHARMACIE,GRAND LOMÉ,MATTHIA APOKO MIREILLE M.
060146,PHARMACIE DE GBOSSIME,PHARMACIE,GRAND LOMÉ,GBOSSIME
060147,PHARMACIE AVEPOZO,PHARMACIE,GRAND LOMÉ,AVEPOZO
060148,PHARMACIE CARREFOUR,PHARMACIE,GRAND LOMÉ,"TIGNOKPA KOUASSI MARTIN, AUT 0225/08/MS/CAB/DGS/DPLET"
060149,PHARMACIE SAVANA,PHARMACIE,GRAND LOMÉ,MINTOUMBA YENDOUMBAN
060150,PHARMACIE 2000,PHARMACIE,GRAND LOMÉ,MOEVI AKAKPO ADOUDE KIKI
060151,PHARMACIE LE JOURDAIN,PHARMACIE,GRAND LOMÉ,AGOE
060152,PHARMACIE LE BON SAMARITAIN,PHARMACIE,GRAND LOMÉ,KPODAR KAYI JULIENNE
060153,PHARMACIE DU CAMPUS,PHARMACIE,GRAND LOMÉ,Adéwui sur le Boulevard de la Kara
060154,PHARMACIE DE L'OCAM,PHARMACIE,GRAND LOMÉ,MOEVI D'ALMEIDA POWOVI
060155,PHARMACIE LE PROGRES,PHARMACIE,GRAND LOMÉ,KPOGAN KOMI
060156,PHARMACIE ISIS,PHARMACIE,GRAND LOMÉ,TSANGUE-AKEMAKOU SONIA SYLVIE P.
060157,PHARMACIE OCEANE,PHARMACIE,GRAND LOMÉ,KPOTSRA AMETEPE A. A. K.
060158,PHARMACIE APOTHEKA,PHARMACIE,GRAND LOMÉ,YWASSA-TELOU WEN'BAMAKA DODJI
060159,PHARMACIE DE L'AEROPORT,PHARMACIE,GRAND LOMÉ,MOROUMA-TISSOGBA GOMAYENA
060161,PHARMACIE SATIS,PHARMACIE,GRAND LOMÉ,AGOE LOGOPE
060162,PHARMACIE DES APOTRES,PHARMACIE,GRAND LOMÉ,LAVON KOSSIWA DADO
060163,PHARMACIE RAOUDHA,PHARMACIE,GRAND LOMÉ,NAMBIEMA ADJATOU
060164,PHARMACIE DES OLIVIERS,PHARMACIE,GRAND LOMÉ,N'DANU TOMETY ABLAVI
060165,PHARMACIE ST ANTOINE,PHARMACIE,GRAND LOMÉ,MATTHIA APOKO MIREILLE M.
060166,PHARMACIE SAINT ESPRIT,PHARMACIE,GRAND LOMÉ,"Lomé, Kégué, route Kégué-agoè, face Lycée Agoè-Est"
060168,CMS BE ATTIKOUME,USP type II,GRAND LOMÉ,Attikoumé
060169,CMS TOKOIN ELAVANYO,USP type II,GRAND LOMÉ,
060171,CHR LOME COMMUNE,CHR,GRAND LOMÉ,
060172,CMS KATANGA,USP type II,GRAND LOMÉ,
060175,CMS ADAWLATO,USP type II,GRAND LOMÉ,
060178,INFIRMERIE DU CORPS DES SAPEURS POMPIERS,USP type II,GRAND LOMÉ,
060180,CENTRE MEDICAL DES ARMEES GENDARMERIE NATIONALE (CMA GN),HOPITAL DE DISTRICT,GRAND LOMÉ,
060181,CENTRE HOSPITALIER DES ARMEES DE LOME (CHAL),CHR,GRAND LOMÉ,
060182,CENTRE MEDICAL DES FAMILLES (CMF),HOPITAL DE DISTRICT,GRAND LOMÉ,
060183,CENTRE MEDICAL DES ARMEES BASE TRANSPORT DE LOME/CENTRE ENTRAINEMENT DES TROUPES AEROPORTEES (CMA BTL/CETAP),HOPITAL DE DISTRICT,GRAND LOMÉ,
060184,CENTRE MEDICAL DES ARMEES REGIMENT COMMANDO DE LA GARDE PRESIDENTIELLE (CMA RCGP,HOPITAL DE DISTRICT,GRAND LOMÉ,
060185,CENTRE MEDICAL DES ARMEES ECOLE DU SERVICE DE SANTE DES ARMEES (CMA ESSAL),USP type II,GRAND LOMÉ,
060186,POSTE DE SECOURS MARINE NATIONALE (PS MN),USP type II,GRAND LOMÉ,
060188,CMS POLICE NATIONALE,HOPITAL DE DISTRICT,GRAND LOMÉ,"Lomé, Nukafu"
060189,INFIRMERIE DE LA DIRECTION GENERALE DE LA DOUANE,USP type I,GRAND LOMÉ,
060190,INSTITUT NATIONAL D'HYGIENE,CHU,GRAND LOMÉ,
060191,INFIRMERIE CAMP DES GARDIENS DE PREFECTURE,POLYCLINIQUE,GRAND LOMÉ,
060192,CENTRE MEDICAL DES GARDIENS DES EAUX ET FORETS,USP type I,GRAND LOMÉ,
060193,HOPITAL PRIVE NADOUVI LAWSON BODY,CHU,GRAND LOMÉ,"115 rue Bandjeli, face Station CAP WUITI, Bd JEAN-PAUL II ; Dr LAWSON-BODY Nadouvi, Médecin cardiologue, Responsable de la clinique"
060194,CLINIQUE SAINT KISITO,CHU,GRAND LOMÉ,
060195,CABINET DENTAIRE ECLAT,CHU,GRAND LOMÉ,
060197,POLYCLINIQUE SAINT ANTOINE DE PADOUE,CHU,GRAND LOMÉ,
060198,CLINIQUE INTERNATIONALE Dr,CHU,GRAND LOMÉ,ADIDOGOME KODOM
060199,CLINIQUE LA CONFIANCE,CHU,GRAND LOMÉ,
060200,CABINET MEDICAL DOCTEUR MAWUENA,CHU,GRAND LOMÉ,
060201,CNTS,CHU,GRAND LOMÉ,Tokoin-Doumasséssé
060202,CABINET D'OPHTALMOLOGIE AFIA,CHU,GRAND LOMÉ,
060203,CLINIQUE LES ANGES,CHU,GRAND LOMÉ,
060204,CABINET MEDICAL PEDIATRIQUE DRS. LOCOH-DONOU,CHU,GRAND LOMÉ,
060205,CLINIQUE TAAMBA,CHU,GRAND LOMÉ,"73, rue des Girafes, Toikoin-SOTED"
060206,CABINET MEDICAL DR. KUZEAWU,CHU,GRAND LOMÉ,AVEDJI FRANCISCAIN
060207,CLINIQUE BEL AIR,CHU,GRAND LOMÉ,
060208,CLINIQUE MEDICALE SAINT MICHEL,CHU,GRAND LOMÉ,"42, rue Eckankar Attikoumè"
060209,CENTRE NATIONAL D'APPAREILLAGE ORTHOPEDIQUE (CNAO),CENTRE D'APPAREILLAGE,GRAND LOMÉ,
060210,CLINIQUE SAINTE MARIE REINE,CHU,GRAND LOMÉ,
060211,CLINIQUE MEDICALE AVOSANTO,CHU,GRAND LOMÉ,"Agoè-Démakpoè, en face des rails Dr. NATTAH Djawad, Médecin généraliste, Titulaire et Responsable de la clinique"
060212,CLINIQUE RAOUL DUVAL,CHU,GRAND LOMÉ,
060213,CLINIQUE LA VICTOIRE,CHU,GRAND LOMÉ,
060214,CABINET MEDICAL GYNECOLOGIE D'AGOENYIVE,CHU,GRAND LOMÉ,
060215,CLINIQUE DES COCOTIERS,CHU,GRAND LOMÉ,
060216,CLINIQUE AUTEL D'ELIE,CHU,GRAND LOMÉ,
060217,CLINIQUE DJADJA AVONYO,CHU,GRAND LOMÉ,
060218,CLINIQUE MEDICALE LE SAUVEUR,CHU,GRAND LOMÉ,"Lomé, Djidjolé"
060219,CENTRE DE DERMATOLOGIE DE GBOSSIME,CHU,GRAND LOMÉ,
060220,CABINET DENTAIRE LE SALUT,CHU,GRAND LOMÉ,
060221,CLINIQUE DE L'AEROPORT,CHU,GRAND LOMÉ,SITO AEROPORT
060222,BABINET MEDICAL DE LA CITE,CHU,GRAND LOMÉ,
060223,INGFIRMERIE DE LA PRESIDENCE,USP type I,GRAND LOMÉ,
060224,INFIRMERIE DU CASEF,USP type I,GRAND LOMÉ,
060225,INFIRMERIE INFPP,USP type I,GRAND LOMÉ,
060226,INFIRMERIE GRAND MARCHE,USP type I,GRAND LOMÉ,
060227,INFIRMERIE VOIRIE,USP type I,GRAND LOMÉ,
060228,INFIRMERIE TVT,USP type I,GRAND LOMÉ,
060229,CABINET MEDICAL MARTIN LUTHER KING,CHU,GRAND LOMÉ,
060230,ESPOIR VIE VUE OPHTALMOLOGIE,CHU,GRAND LOMÉ,
060232,CMC CROIX ROUGE,USP type II,GRAND LOMÉ,
060233,CMS MAC,USP type II,GRAND LOMÉ,
060234,CMS GBEMYEDJI,USP type II,GRAND LOMÉ,
060235,POLYCLINIQUE DE LOME,HOPITAL DE DISTRICT,GRAND LOMÉ,
060236,PHARMACIE HOSANNA,PHARMACIE,GRAND LOMÉ,ADIDOGOME SAGBADO
060237,EN'ROTH CLINIQUE DES ROSES,CHU,GRAND LOMÉ,"Lomé, quartier Forever, 587 rue Landjo Dr AMADOTO Kossi Sénam Mawuli, Médecin Gynécologue- Obstétricien, Titulaire et Directeur de la clinique"
060238,PHARMACIE MAWUNYO,PHARMACIE,GRAND LOMÉ,
060239,CABINET MEDICAL EVONAWO,CHU,GRAND LOMÉ,
060240,CLINIQUE BELLA VITA,CHU,GRAND LOMÉ,"Lomé, rue Agbokopé, AVEPOZO Dr SOSSOU KODZO Médecin Généraliste et Responsable de la clinique"
060241,CLINIQUE SAINT HONORE,CHU,GRAND LOMÉ,
060242,CABINET MEDICAL D'OPHTALMOLOGIE LE LIS,CHU,GRAND LOMÉ,
060243,CABINET MEDICAL BETHEL,CHU,GRAND LOMÉ,
060244,POLYCLINIQUE UNION AFRICAINE,CHU,GRAND LOMÉ,CACAVELI
060245,CABINET MEDICAL PEDIATRIQUE LA VIE,CHU,GRAND LOMÉ,
060246,CLINIQUE LE SAFRAN,CHU,GRAND LOMÉ,
060247,CABINET DENTAIRE EGNY,CHU,GRAND LOMÉ,
060249,CMS JERUSALEM AGBALEPEDOGAN,USP type II,GRAND LOMÉ,
060250,CLINIQUE POLYVALENTE DE L'ESPERANCE,CHU,GRAND LOMÉ,
060251,LUNETTERIE OPTIQUE OTTICA,CENTRE DE LUNETTERIE,GRAND LOMÉ,Assivito
060252,VISION LE POINT,CENTRE DE LUNETTERIE,GRAND LOMÉ,
060253,TOGOPTIC,CENTRE DE LUNETTERIE,GRAND LOMÉ,
060254,OPTIQUE VISION SANS FRONTIERE,CENTRE DE LUNETTERIE,GRAND LOMÉ,
060255,KRYSTAL OPTIQUE,CENTRE DE LUNETTERIE,GRAND LOMÉ,
060256,OPTIQUE A DIEU LA GLOIRE,CENTRE DE LUNETTERIE,GRAND LOMÉ,TOKOIN SEMINAIRE
060257,VISION VIE,CENTRE DE LUNETTERIE,GRAND LOMÉ,
060259,POLYCLINIQUE MELIA,CHU,GRAND LOMÉ,Adidogome Franciscains (Soviépé)
060260,CABINET MEDICAL GODSON,CHU,GRAND LOMÉ,
060261,CABINET MEDICAL DU ROCHER,CHU,GRAND LOMÉ,
060262,CLINIQUE DES MERES,CHU,GRAND LOMÉ,
060263,CABINET D'OPTIQUE OPHTALMIQUE WOSSINU QUACOE,CENTRE DE LUNETTERIE,GRAND LOMÉ,"885, avenue Maman N'danida, immeuble bleu mitoyen à la banque ORABANK, rue à gauche après le Grand Rex (sur le tronçon menant au carrefour Dekon) M. QUACOE WOSSINU Senanu, Opticien- Optométriste, Titulaire de la lunetterie"
060264,UNITE MEDICALE SAMB SANTE SECURITE AU TRAVAIL SARL,CHU,GRAND LOMÉ,
060266,CABINET MEDICAL Dr SOSSOU,CHU,GRAND LOMÉ,"Lomé, Totsi face au Bar Signature Dr SOSSOU Kodjovi Galley, Médecin spécialiste en Oto-Rhino- Laryngologie (ORL)"
060267,OPTIQUE RAYLAUR VISION + SARL,CENTRE DE LUNETTERIE,GRAND LOMÉ,"Quartier des Etoiles, Avenue Kleber Dadjo"
060268,CLINIQUE SANTE POUR TOUS,CHU,GRAND LOMÉ,
060270,LUNETTERIE DODIMEN,CENTRE DE LUNETTERIE,GRAND LOMÉ,
060271,OPTIQUE NETTE VISION,CENTRE DE LUNETTERIE,GRAND LOMÉ,
060272,ESSEN OPTIQUE,CENTRE DE LUNETTERIE,GRAND LOMÉ,
060273,CLINIQUE SAINT BERNARDIN,CHU,GRAND LOMÉ,ANFAME
060274,CABINET MEDICAL D'OPHTALMOLOGIE MAISON D'ITALIE,CHU,GRAND LOMÉ,"Lomé, Avenue du 24 janvier, immeuble RAMCO"
060275,CABINET MEDICAL DE L'AMITIE,CHU,GRAND LOMÉ,
060276,LUNETTERIE LUMIERE OPTIQUE,CENTRE DE LUNETTERIE,GRAND LOMÉ,Agbalépédogan
060277,CLINIQUE SAINTE FATIMA,CHU,GRAND LOMÉ,"Avédji, juste avant les rails allant à Adidogomé Douanes"
060278,CABINET DENTAIRE IVOIRE,CHU,GRAND LOMÉ,
060280,PHARMACIE BETANIA,PHARMACIE,GRAND LOMÉ,GBLENKOME
060281,CLINIQUE LES MOINEAUX,CHU,GRAND LOMÉ,KELEGOUGAN
060282,CENTRE DE SANTE JEAN PAUL II : OPHTALMOLOGIE,CHU,GRAND LOMÉ,Tokoin-Doumasséssé
060283,CLINIQUE DES ETOILES,CHU,GRAND LOMÉ,
060284,ATBEF LOME,CHR,GRAND LOMÉ,
060285,CABINET MEDICAL ORL AZIABLE,CHU,GRAND LOMÉ,"43, rue de l'OCAM (face WANG), Lomé"
060286,AIDES MEDICALES ET CHARITE,USP type II,GRAND LOMÉ,AVENOU
060287,CENTRE MEDICAL ANCIEN COMBATTANT,USP type I,GRAND LOMÉ,
060289,CLINIQUE LE PASTEUR,CHU,GRAND LOMÉ,
060290,CLINIQUE L'ETERNEL GUERIT,CHU,GRAND LOMÉ,
060291,CLINIQUE SAINT AUGUSTIN,CHU,GRAND LOMÉ,"AMOUTIVE, 108 AVENUE MAMAN N'DANIDA"
060292,CABINET MEDICAL NADO,CHU,GRAND LOMÉ,
060293,PHARMACIE SANGUERA,PHARMACIE,GRAND LOMÉ,SANGUERA
060294,PHARMACIE INTERNATIONALE,PHARMACIE,GRAND LOMÉ,
060295,CABINET MEDICAL SAINT ARTHUR,CHU,GRAND LOMÉ,
060296,CABINET MEDICAL F.A ADANLETE,CHU,GRAND LOMÉ,
060298,CENTRE OPTIQUE NOVA VISION,CENTRE DE LUNETTERIE,GRAND LOMÉ,Adidogomé
060299,CABINET MEDICAL DE L'EDEN,CHU,GRAND LOMÉ,
060300,CABINET MEDICAL LEDJI,CHU,GRAND LOMÉ,
060301,CLINIQUE LA PROVIDENCE,CHU,GRAND LOMÉ,ADIDOADIN
060302,CLINIQUE ESPERENDIEU,CHU,GRAND LOMÉ,
060303,CABINET MEDICAL DIEU EST GRAND,CHU,GRAND LOMÉ,
060304,CABINET MEDICAL GRACIAS DEI,CHU,GRAND LOMÉ,
060305,CLINIQUE D'OBSTETRIQUE LA,CHU,GRAND LOMÉ,VIE
060306,CMS MERE THERESA DE CALCUTTA,CHU,GRAND LOMÉ,
060307,BIOLABO DE L'UNION,CHU,GRAND LOMÉ,
060308,AIDE VISION OPTIQUE,CENTRE DE LUNETTERIE,GRAND LOMÉ,
060309,DANIELLE ANDRE MARIE HANUSSE/MAISON MEDICALE ELENAD,CHU,GRAND LOMÉ,
060310,PHARMACIE HORIZON,PHARMACIE,GRAND LOMÉ,
060311,INFIRMERIE TDE (TOGOLAISE DES EAUX),USP type I,GRAND LOMÉ,
060312,CABINET MEDICAL TRUST,CHU,GRAND LOMÉ,"M. YADE, Assistant médical 91 55 14 96"
060313,INFIRMERIE CEET,USP type I,GRAND LOMÉ,
060314,CABINET MEDICAL DU PLATEAU,CHU,GRAND LOMÉ,"Lomé, rue Djariwa Gbossimè- Cassablanca Prof. BARAGOU Soodougoua, Médecin Cardiologue, titulaire du Cabinet"
060315,PHARMACIE SILOE,PHARMACIE,GRAND LOMÉ,
060316,CLINIQUE MASTER MISERICORDIAE,CHU,GRAND LOMÉ,
060317,CMS MUSA - CSTT,USP type II,GRAND LOMÉ,BP 3058 LOME
060318,CLINIQUE BIASA,CHU,GRAND LOMÉ,
060319,CLINIQUE LA BARAKAT,CHU,GRAND LOMÉ,
060320,CABINET MEDICAL LE DEVOT,CHU,GRAND LOMÉ,
060321,POLYCLINIQUE DEMAKPOE,HOPITAL DE DISTRICT,GRAND LOMÉ,
060323,INFIRMERIE DE LA PRIMATURE,USP type I,GRAND LOMÉ,
060324,CLINIQUE ST BERNARD UND,CHU,GRAND LOMÉ,
060325,CABINET MEDICAL LA CLEMENCE,CHU,GRAND LOMÉ,
060326,CSPH-ATES,HOPITAL DE DISTRICT,GRAND LOMÉ,
060327,CLINIQUE LA VOLONTE,CHU,GRAND LOMÉ,
060328,CMS MEDICO-SOCIAL DZIDZO DE SID ESPOIR,CHU,GRAND LOMÉ,ANFAME
060330,CMS MERCIFUL,CHU,GRAND LOMÉ,"ADIDOGOME, Dr ADJANOH AMAH"
060331,INFIRMERIE DE LA DOUANE,USP type I,GRAND LOMÉ,LOME
060332,CLINIQUE SAINT HELENE,CHU,GRAND LOMÉ,3 RUE SEDOME HOULASSAME
060333,CABINET MEDICAL SAINT ANTOINE,CHU,GRAND LOMÉ,WESSOME
060334,CLINIQUE LE MONT SINAI,CHU,GRAND LOMÉ,"606, rue 99, Nukafu"
060335,CLINIQUE BARRUET,CHU,GRAND LOMÉ,BD FELIX HOUPHOUET BOIGNY
060336,CABINET MEDICAL GROUP MEDICAL,CHU,GRAND LOMÉ,AGOE LOGOPE
060337,CENTRAL OPTIQUE,CENTRE DE LUNETTERIE,GRAND LOMÉ,BP 20758 LOME ALIKI DISSAASSO
060338,CABINET MEDICAL BONNE ESPERANCE,CHU,GRAND LOMÉ,AGOE-KITIDJAN
060339,CLINIQUE SAINT CHARBEL,CHU,GRAND LOMÉ,"BP 2872 LOME, AUT: N° 0024/2008/MS/CAB/DGS"
060340,CMS SOURCE DE VIE,CHU,GRAND LOMÉ,"BP 636 LOME, AUT N°:0200/2012/MS/CAB/DGS/DES"
060341,ONG RAPHA,HOPITAL DE DISTRICT,GRAND LOMÉ,"AGOE LOGOPE, AUT N0027/2012/MS/CAB/DGS/DES"
060342,CABINET MEDICAL SAINT LUC,CHU,GRAND LOMÉ,LOME AVEDJI 04 BP 352 AUT N 0132/2003/MS/CAB/DGS
060343,POLYCLINIQUE INTERNATIONALE SAINT JOSEPH,CHU,GRAND LOMÉ,AUT N 28/90/MSP BP 10039 LOME BOULEVARD DU HAHO
060344,CABINET MEDICO CHIRURGICAL MAWUBEDZRO,CHU,GRAND LOMÉ,AUT N° 01328/2003/MS/CAB/DES BP 3247 LOME
060345,DIVINE OPTIQUE,CENTRE DE LUNETTERIE,GRAND LOMÉ,TOTSI
060346,CABINET MEDICAL D'OPHTALMOLOGIE DODAVA,CHU,GRAND LOMÉ,"AUT N° 0104/2013/MS/CAB/DGS/DES, 253 RUE DES COCOTIERS NYEKONAKPOE"
060347,PHARMACIE DELALI,PHARMACIE,GRAND LOMÉ,QTIER CACAVELI
060348,CLINIQUE MEDICALE G2A,CHU,GRAND LOMÉ,Agoè
060349,POLYCLINIQUE SAINT DENIS,CHU,GRAND LOMÉ,ADAMAVO
060350,CLINIQUE ROCHER D'HOREB,CHU,GRAND LOMÉ,AUT N°119/2013/MS/CAB/DGS/DES BP 80288
060351,CENTRE DENTAIRE INTERNATIONAL DE LOME,CHU,GRAND LOMÉ,"Lomé, Quartier Agbalépédogan non loin du carrefour GTA et derrière la Direction des Transports Routiers et Ferroviaires"
060352,VAL OPTIQUE,CENTRE DE LUNETTERIE,GRAND LOMÉ,"Lomé, Adidogomé, Madiba, immeuble FIG M. KOUNTANDJI Valère ODJEKE, Directeur de la Lunetterie"
060353,CABINET MEDICAL POLYVALENT,CHU,GRAND LOMÉ,"RUE AFLAO GAKLI N° 83, AUT N°0049/2013/MS/CAB/DGS/DES, QUARTIER DJIDJOLE"
060354,CABINET D'OPTIQUE IDEAL VISION,CENTRE DE LUNETTERIE,GRAND LOMÉ,"Lomé, Adidogomé"
060355,CMS SAINTE ANNE,HOPITAL DE DISTRICT,GRAND LOMÉ,AUT N°012/2007/MS/CAB/DGS DU 16/01/2007 QTIER LOM NAVA TOSSENOU AWOUSSI
060356,ALLIANCE OPTIQUE,CENTRE DE LUNETTERIE,GRAND LOMÉ,KEGLO KOSSIVI AMOUTIEVE 74 RUE MAMAM N DANIDA
060357,ASSOCIATION GRAIN D'ESPOIR,USP type II,GRAND LOMÉ,KOBLI YASSIM AGE BP 30538 LOME
060358,PHARMACIE BIEN ETRE,PHARMACIE,GRAND LOMÉ,"AUT N°097/96/MSP, ABALO ABOTCHI NADIEDJA, boulevard du HAHO Hedzrenawoe"
060359,INFIRMERIE DES ANCIENS COMBATTANTS (ASSACAMITO),CHU,GRAND LOMÉ,"Quartier Administratif non loin du CASEF COMMANDANT GADO KOKOU, Responsable de l'infirmerie"
060360,SERVICE NATIONAL DE SANTE DES JEUNES ET ADOLESCENTS,USP type II,GRAND LOMÉ,DOCTEUR KPOTSRA KOFFI
060361,PHARMACIE MAINA,PHARMACIE,GRAND LOMÉ,"AGBA IKPINDI MAIMOUNA, AGOE ASSIEYE"
060362,POLYCLINIQUE LA PROVIDENCE DU,CHU,GRAND LOMÉ,"Agoè-Nyivé au bord de la National N° 1 à côté de la Station Total Dr GOLFE NEGLO Kossi Michel, Médecin Gynéco-Obstétricien, Titulaire et Responsable de la Polyclinique"
060363,CENTRE OPHTALMOLOGIQUE NETTE VISION,HOPITAL DE DISTRICT,GRAND LOMÉ,AGOE-SOGBOSSITO
060364,CENTRE MEDICO SOCIAL DE LA CNSS,USP type II,GRAND LOMÉ,CNSS
060365,CMS CENTRE DE SURVEILLANCE DE L'ADMINISTRATION PENITENTIARE,USP type I,GRAND LOMÉ,DCSSA
060366,CMS FAMME CONFIANCE,CHU,GRAND LOMÉ,"SODJI K. DOMETO, DJIDJOLE BP 12321"
060367,PHARMACIE ACTUELLE,PHARMACIE,GRAND LOMÉ,"Lomé, route de Ségbé, Adidogomé - Sagbado Dr AGBETRA L. Assiassimba, Docteur en pharmacie, Titulaire et Responsable de la pharmacie"
060368,LES CIEUX OPTIQUE,CENTRE DE LUNETTERIE,GRAND LOMÉ,TOTSI EN FACE CAR WASH
060369,KNAL OPTIC,CENTRE DE LUNETTERIE,GRAND LOMÉ,"OKA JEAN MICHEL/ KONDO KOKO, BP 20311"
060371,CLINIQUE LE PRINTEMPS,CHU,GRAND LOMÉ,"TETTEGAN KANGNI A. AUT N°0036/2003, Bd DE LA KARA LOME"
060372,PHARMACIE SAINT PIERRE,PHARMACIE,GRAND LOMÉ,BIMIZI ABIDE AUT N°0090/2013/MS/CAB/DGS/DPLET 89 BD HAHO BP 30717
060373,CMS SOS LOME,HOPITAL DE DISTRICT,GRAND LOMÉ,"KOYENIN K ATCHA, AUT N°078/2014/MS/CAB/SG 112 RUE KWADJOI LOME BP 1394"
060374,CLINIQUE DENTAIRE NIFA,CHU,GRAND LOMÉ,AKOUVI A NOEL AUT N°0016/93/MSP BP 2122
060375,CMS DOUCEUR D'ORIENT,HOPITAL DE DISTRICT,GRAND LOMÉ,AGOE NYIVE CARREFOUR BLEU/ AUT N 096/2014/MS/CAB/DG/VIDRO ESSI
060376,CABINET DENTAIRE LE SOURIRE,CHU,GRAND LOMÉ,BE KPOTA
060377,PHARMACIE NOTRE DAME,PHARMACIE,GRAND LOMÉ,"Lomé, Hédzranawoé, derrièrHédzranawoé à coté de la maison du Hadj"
060378,CABINET RAVILIG,CHU,GRAND LOMÉ,LOME QTIER TOKOIN HOPITAL CONV LE 10 04 2015
060379,CLINIQUE LAENNEC,CHU,GRAND LOMÉ,AFLAO GAKLI QTIER KLIKAME 66 RUE 192 AFLAO GAKLI CONV LE 10 04 2015
060380,CLINIQUE NOTRE DAME DE LA MISERICORDE,CHU,GRAND LOMÉ,QTIER BE KPOTA RUE GARKA CONV LE 10 04 2015
060381,CLINIQUE BETHESDA,CHU,GRAND LOMÉ,LOME ADIDOADIN
060382,CLINIQUE BON PASTEUR,CHU,GRAND LOMÉ,QTIER BE KLIKAME LOME CONV LE 10 04 2015
060383,CMS VITA,HOPITAL DE DISTRICT,GRAND LOMÉ,"842, RUE SOGEA SATOM QTIER HOUNTIGOME LOME"
060384,CLINIQUE CHIRURGICALE DE LOME,CHU,GRAND LOMÉ,AGBALEPEDOGAN
060385,PHARMACIE DU TROISIEME ARRONDISSEMENT,PHARMACIE,GRAND LOMÉ,"AHO YAO JOEL219 BLD DU 13 JANVIER, QUARTIER ABOBOKOME"
060386,LUNETTERIE LEDI VISION,CENTRE DE LUNETTERIE,GRAND LOMÉ,"10 AVENUE SYLVANUS OLYMPIO, LOME"
060387,PHARMACIE DE LA VICTOIRE,PHARMACIE,GRAND LOMÉ,"Lomé, Avédji-Wessomé, non loin des rails Dr MOUKAILA Azia Rafatou, Docteur en Pharmacie, Titulaire et Responsable de la Pharmacie"
060388,CENTRE DE SANTE SAINT CAMILLE,HOPITAL DE DISTRICT,GRAND LOMÉ,"BE ADAKPAME - COLAS, A LA FIN DES PAVES D'ADAKPAME"
060389,CLINIQUE OPHTALMOLOGIQUE LUMIERE DIVINE (COLD),CHU,GRAND LOMÉ,"3269 AV. PYA, QUARTIER AFLAO-TOTSI, LOME (A 100m DU TOTAL TOTSI ROND POINT FACE A LA MOSQUEE)"
060390,CABINET MEDICAL DR ALI,CHU,GRAND LOMÉ,AVEDJI WESSOME
060391,PERFECT-LABO,CHU,GRAND LOMÉ,"TOKOIN GBADAGO DANS L'ANGLE BOULEVARD DES ARMEES ET LA RUE ALOMA, A CÔTE DU FOYER DES JEUNES MOKPOKPO"
060392,CMS GBETSOGBE,USP type II,GRAND LOMÉ,
060393,CENTRE DE SANTE MENTALE PAUL- LOUIS-RENEE,CHR,GRAND LOMÉ,"KEGUE-KELEGOUGAN SUR LE BOULEVARD DU HAHO NON LOIN DE ""AMERICAN INTERNATIONAL SCHOOL"""
060394,CABINET MEDICAL LA COMPASSION,CHU,GRAND LOMÉ,"TOKOIN-CASSABLANCA DERRIERE LA MICROFINANCE ""CECA"" EN ALLANT VERS LA FRONTIERE TOGO-GHANA, 95 RUE DES PASTEQUES"
060395,CENTRE MEDICO- SOCIAL BONNE SANTE,USP type II,GRAND LOMÉ,"AGBALEPEDO DEVANT LA GARE ROUTIERE, EN FACE DE L'HOTEL ENIKE"
060396,CLINIQUE LA BONTE,CHU,GRAND LOMÉ,"AGBALEPEDOGAN , COTE OUEST DE LA GARE ROUTIERE, DANS LE PROLONGEMENT DE LA STATION TOTAL, SUR LE MÊME ALIGNEMENT QUE PHARMACIE ENOULI Dr. BAH RABIOU Rassidatou, Médecin généraliste, Responsable et Titulaire de la clinique"
060397,CMS SAINTE MARIE MADELEINE (ONG ASI-TOGO),USP type II,GRAND LOMÉ,"BE-KLIKAME EN FACE DE L'EPP ADJOMAYI, TOUT JUSTE DERRIERE LA NOUVELLE EGLISE CATHOLIQUE DE LA PAROISSE DE BE-KLIKAME"
060399,Infirmerie de l'EDITOGO,USP type I,GRAND LOMÉ,"5, AVENUE MAMA FOUSSENI"
060400,PHARMACIE DIVINA GRACIA,PHARMACIE,GRAND LOMÉ,Dr EDORH Dèmessi Léaticia Ida AGOE LOGOPE
060401,CLINIQUE CONTINENTALE,CHU,GRAND LOMÉ,Dr DOSSA Komi AGOE CARREFOUR BLEU
060402,CABINET MEDICAL LE DIGEST,CHU,GRAND LOMÉ,Dr DIALLO Kanny Rayna Epse SOKPOH HEDZRANAWOE MANTIGOME
060403,PHARMACIE EL- SHAMMAH,PHARMACIE,GRAND LOMÉ,FELICITE AFORA-ASSIONGBON AMADAHOME
060404,PHARMACIE UNIVERS SANTE,PHARMACIE,GRAND LOMÉ,"Bld Eyadema, Cité OUA en face de l'entrée du CHU CAMPUS"
060405,CMS VIDOSA,USP type II,GRAND LOMÉ,KOHE
060406,CLINIQUE LA FAMILLE,CHU,GRAND LOMÉ,Dr KOLANI Malip Francis AGOE- NYVE
060407,CLINIQUE MEDICALE UNIDIAL,CHU,GRAND LOMÉ,TOKOIN HABITAT
060408,PHARMACIE TCHEP'SON,PHARMACIE,GRAND LOMÉ,M. TCHEPAN ALADJOU PHARMACIEN
060409,PHARMACIE APOU ANTOINE,PHARMACIE,GRAND LOMÉ,Dr TIGNOKPA Kouassi Martin Pharmacien
060410,CLINIQUE MARIE URIEL,CHU,GRAND LOMÉ,QUARTIER WONYOME VON DE L'EGLISE CELESTE DE YOKOE Dr OCLOO Ayaovi Avuletey
060411,FAFA CLINIQUE MEDICO- CHIRURGICALE,CHU,GRAND LOMÉ,"Dr GBETOGBE Komlan 127, rue AFLAO-GAKLI"
060412,Infirmerie de l'ANAC,USP type I,GRAND LOMÉ,
060413,CABINET MEDICAL BAYAL,CHU,GRAND LOMÉ,AGOE DEMAKPOE EN FACE DU CAMP FIR (Dr KAMKOTE Parou)
060414,CMS SALAM,USP type II,GRAND LOMÉ,M. MOUMOUNI Moutawakil AGOE FIDOKPUI
060415,PHARMACIE ARC-EN- CIEL,PHARMACIE,GRAND LOMÉ,Dr BADOMBENA-WANTA Dimiline Docteur en Pharmacie AGOE VAKPOSSITO
060416,LIGHT JOYCE VISION,CENTRE DE LUNETTERIE,GRAND LOMÉ,"YOVO AKOETE, Responsable, HEDZRANAWOE, 2ème von à droite après Phcie THERYA en allant de TOGO 2000 vers Kégué."
060417,CMS SHALOM,USP type II,GRAND LOMÉ,"Agoè Anokui, derrière l'église évangélique presbytérienne de Fiovi M. KOUNKE Yawo, Assistant médical, Responsable du centre"
060418,CMS JIREH,USP type I,GRAND LOMÉ,"Mme AGBEHONOU Essi, Directrice Kpogan, 500m de la nationale N° 2 Lomé-Aného"
060419,CLINIQUE SOEUR ANNE-MARIE ROUE,HOPITAL DE DISTRICT,GRAND LOMÉ,"Dr Moïse DEJEAN, MG, Directeur Djidjolé à côté de l'EPP Batomé"
060424,CENTRE DE SANTE MENTALE ST JEAN DE DIEU D'AGOE-NYIVE,CHU,GRAND LOMÉ,AGBEDZINOU K. EMMANUEL
060425,CMS LE ROCHER,HOPITAL DE DISTRICT,GRAND LOMÉ,"AGOE LOGOPE, à 200 m du Bar Epervier"
060426,CMS SACRE COEUR JUNIOR,USP type II,GRAND LOMÉ,"AMEGNINOU ATTIOGBE Assionghon Y. B. , Assistant Médical Boulevard de la Paix en face du Collège St Joseph"
060427,PHARMACIE MAGNIFICAT,PHARMACIE,GRAND LOMÉ,"Dr GUNN Kayissan Sika, Pharmacien Aflao Sagbado, 100m du Palais Royal du Chef de Yokoè"
060428,CLINIQUE DE TOTSI,CHU,GRAND LOMÉ,"TOTSI, entre bar 2N et ancienne phcie SATIS"
060429,"INFIRMERIE DE SOTOPLA (SOCIETE TOGOLAISE DES PLAQUES, VISITES ET CONTROLES TECHNIQUES)",USP type I,GRAND LOMÉ,"Dr Xavier ALLADO, DG Route d'Atakpamé"
060430,INFIRMERIE DE LA CNSS LOME (CAISSE NATIONALE DE SECURITE SOCIALE),USP type I,GRAND LOMÉ,"Mme Ingrid AWADE, DG Route d'Atakpamé"
060431,CABINET MEDICAL D'OPHTALMOLOGIE Dr BANLA,CHU,GRAND LOMÉ,"Pr BANLA, Professeur Agrégé d'Ophtalmologie AGBALEPEDEGAN non loin de la gare routière"
060432,CABINET MEDICAL CARDIO 24,CHU,GRAND LOMÉ,"Dr AGBODZIE ESINAM AMIVI, Médecin cardiologue 128, avenue du Calais, villa N°334, Hanoukopé"
060433,INFIRMERIE DE LA CAMEG-TOGO (Centrale d'Achat des Médicaments Essentiels et Génériques du Togo),USP type I,GRAND LOMÉ,"Dr ASSIH Mamessilé, DG CAMEG- TOGO 202, Bd des Armées, Tokoin Hôpital"
060434,CLINIQUE MERE ET ENFANT «L'ETOILE»,CHU,GRAND LOMÉ,"Dr TETE Dela-Goku, Gynécologue Obstétricien"
060435,CMS SOEUR PURA PAGANI,USP type II,GRAND LOMÉ,"Mme KOUTSAVA Afi Essé, Assistante sociale CMS situé à côté de l'église catholique de Yokoè"
060436,Infirmerie de l'Assemblée Nationale,USP type I,GRAND LOMÉ,"ATE Safiou, Infirmier"
060437,PHARMACIE LA MAIN DE DIEU,PHARMACIE,GRAND LOMÉ,"Dr Takouda Toï KAMDA, Pharmacien Agoè Démakpoè, à 10m de l'église AD"
060439,CABINET MEDICAL Dr MOTTE,CHU,GRAND LOMÉ,"Dr MOTTE Kokou Agbégno, médecin Cardiologue 320, avenue Akeï, face résidence deu Bénin, Tokoin Wuiti"
060440,CABINET MEDICO- DERMATOLOGIQUE DE LOME (CDML),CHU,GRAND LOMÉ,"Dr GNASSINGBE Waguéna, Médecin Dermatologue, Qtier Avédji, à 300 m du carrefour Limousine"
060441,CMS GRATIA,USP type II,GRAND LOMÉ,KLEME Agokpanou
060442,PHARMACIE M'BA,PHARMACIE,GRAND LOMÉ,Légbassito à environ 150m du marché en allant vers Kovié
060443,CMS SCHILO,USP type II,GRAND LOMÉ,"Pasteur YOVO Zankpé Aziablevi, Responsable ECIG Dr AMEGAN Ayamnou Eloi, Médecin responsable du centre"
060444,CMS DES ETOILES,USP type II,GRAND LOMÉ,"M. DJEDU Koffi H. M., Président du ROAREP Dr MBEBA Tchalim E., Médecin Chef du CMS"
060445,PHARMACIE O GRAIN D'OR,PHARMACIE,GRAND LOMÉ,"Ahadji-Kpota, près du carrefour Zorrobar"
060446,CABINET DENTAIRE TERANGA,CHU,GRAND LOMÉ,"Qtier TOTSI, face hôtel HAVILA Dr LAWSON Daniel Bruno, Chirurgien- Dentiste"
060447,CMS YAYRA,HOPITAL DE DISTRICT,GRAND LOMÉ,"Mme TSOGBE A. Mawussé née ABIAROU, Directrice exécutive Qtier ZOSSIME"
060448,HOPITAL PRIVE ISIS,CHU,GRAND LOMÉ,"ADIDOGOME-AMANDAHOME Mme AGBO Adissétou, Gynécologue-Obstétrique, Titulaire et Responsable de la clinique"
060449,CMS SAINTE BAKHITA,USP type II,GRAND LOMÉ,"Lomé, Avenue de la libération, Kokétimé (Brother home) Sœur NAYO Akoua Eulalie, infirmière diplômée d'Etat, Responsable du centre"
060450,PHARMACIE DE ZOSSIME,PHARMACIE,GRAND LOMÉ,ZOSSIME
060451,CABINET MEDICAL SPECIALISE SANTE 24,CHU,GRAND LOMÉ,"Dr SONHAYE Khaled, Médecin ORL, Ex bd CEDEAO en face du Temple SINAI, AGOE TELESSOU"
060452,CMS NOTRE DAME DE LA TRINITE,HOPITAL DE DISTRICT,GRAND LOMÉ,ADIDOGOME (AMADAHOME)
060453,PHARMACIE SAINT JOSEPH,PHARMACIE,GRAND LOMÉ,"Mme GAYIBOR Kuamba née KOMLA, Titulaire de la Pharmacie Avenue des Tecks"
060454,CABINET D'ASSISTANT MEDICAL BON BERGER,USP type II,GRAND LOMÉ,"M. ANDJAWO Yao, Assistant Médical Rue 130, Hédzranawoé, rue du marché vers la piscine Atlantide"
060455,CENTRE NATIONAL DE RECHERCHE ET DE SOINS AUX DREPANOCYTAIRES (CNRSD),CHU,GRAND LOMÉ,"Enceinte du CHU CAMPUS,"
060456,INFIRMERIE DE L'ODEF,USP type I,GRAND LOMÉ,"20, rue des Evala, Agbalépedogan Dr AKOLLY Etsri, Médecin Généraliste, Médecin du Travail"
060457,CLINIQUE LA REFERENCE,CHU,GRAND LOMÉ,"Dr DJAGADOU Kodjo Agbéko, Médecin Interniste 81 rue, AFLAO- GAKLI (Djidjolé)"
060458,CABINET MEDICAL ORIENT,CHU,GRAND LOMÉ,"Dr AMEGANDJI Kokou Djinedjo, Médecin Généraliste, Responsable du cabinet Qtier Bè, 673 rue des lin"
060459,CMS ADETIKOPE,USP type II,GRAND LOMÉ,"ADETIKOPE, quartier Adétikopé centre"
060461,CLINIQUE DES ELFES,CHU,GRAND LOMÉ,"Dr BOUKARI Abdoul Gafarou, Gynécologue-Obstétricien, Directeur de la clinique Agoè-Nyivé, réserve de la gendarmerie"
060462,HOPITAL PANAFRICAIN LES MARRONS,CHU,GRAND LOMÉ,"Quartier Adidogomè-Atigangomè, non loin de l'église catholique ; Dr APETI Komlan Zantou, Médecin Généraliste, Titulaire et Responsable de la clinique"
060463,PHARMACIE ZONGO,PHARMACIE,GRAND LOMÉ,"Dr PERE Aklesso, Pharmacien Togblékopé, route nationale N°1, à environ 100m de l'agence ORABANK"
060464,CLINIQUE «LA CITADELLE »,CHR,GRAND LOMÉ,"Dr AZIALEY Kwami Gagnon, Médecin Généraliste Agoè Vakpossito à environ 5 km de l'USP Agoè Elavagnon"
060465,CLINIQUE LAMESE,CHU,GRAND LOMÉ,"Dr TEKO Dédé Virginie, Médecin Généraliste, Responsable de la clinique Bè-Kpota Anfamè, non loin de l'hôpital du district, LOME"
060466,PHARMACIE A DIEU LA GLOIRE,PHARMACIE,GRAND LOMÉ,"Quartier Agoè-Légbassito, au bord de la nouvelle route CEDEAO entre la Poste et le marché de Légbassito Dr KAMASSAN Amè Elom, Docteur d'Etat en Pharmacie, Responsable de la pharmacie"
060467,CLINIQUE SAINTE CECILE,CHR,GRAND LOMÉ,"Dr EDI Kodzo Sélom, Médecin Généraliste, Adidogomè Awatamé, à environ 1 km du CMS Adidogomè"
060468,CLINIQUE SAINT PAUL LA REFERENCE,CHU,GRAND LOMÉ,AGOE-LOGOPE
060469,CABINET DENTAIRE LA COURONNE,CHU,GRAND LOMÉ,"Dr GABA Ayélé Zizi Djidjom, Chirurgien-Dentiste 214, angle rue Hiéhatro / Sacré-Coeur, Quartier Collège St Joseph, près de l'Hôtel St Manick"
060470,HOPITAL SAINTE JOSEPHINE BAKHITA,CHR,GRAND LOMÉ,"Agoè-Kové, route de Mission-Tové après le CAMP-FIR"
060471,PHARMACIE GANFAT,PHARMACIE,GRAND LOMÉ,"Agoè Daliko, près du carrefour EDEM (CAMP GP) Dr GBANDI Labodja, Docteur d'Etat en Pharmacie, Responsable de la pharmacie"
060472,PHARMACIE LA BARAKA,PHARMACIE,GRAND LOMÉ,"Agoè-Logopé, à 100 m du camp Gendarmerie et de Police, non loin de l'Ecole privée LA BRUYERE Dr BAGBIEGUE Sahadatou, Docteur d'Etat en pharmacie, Titulaire de la pharmacie"
060473,CABINET MEDICAL DE CARDIOLOGIE «CARDIO COEUR VAILLANT»,CHU,GRAND LOMÉ,"Rue Pizzeria, Avépozo, Ibomonou Dr ALOUMON Messanvi, Médecin Cardiologue, Responsable du Cabinet"
060474,CLINIQUE DE L'OCEAN,CHU,GRAND LOMÉ,"Lomé, Agoè Anomè, près du carrefour 2 lions Dr MENSAH Akovi Ephrem, Médecin Généraliste, Responsable de la clinique"
060475,CENTRE REGIONAL DE DIAGNOSTIC MEDICAL,CHU,GRAND LOMÉ,"DOCTEUR D'ALMEIDA AYIGA, Immeuble la Découverte, 27 Bis Avenue de Calais, Lomé"
060482,INFIRMERIE DU LYCEE DE TOKOIN I,USP type I,GRAND LOMÉ,LYCEE DE TOKOIN I
060483,CMS ALPHA ET OMEGA,USP type II,GRAND LOMÉ,AGOE
060484,CLINIQUE EL-ELYON SANTE,CHU,GRAND LOMÉ,"Lomé, quartier Adidogomè (Amadahomé) face à la société TOGO GRAIN"
060485,CABINET MEDICAL SAINTE VERONIQUE,CHU,GRAND LOMÉ,Agoè-Adjougba
060486,CMS NOTRE DAME DE FATIMA D'AVEDJI,CHR,GRAND LOMÉ,"Lomé, quartier Avédji, dans l'enceinte de la paroisse Notre Dame de Fatima, non loin du carrefour Limousine Sœur BLIVI Adolévi Cafoumawou Marie-Judit"
060487,CMS FIDEL CASTRO,USP type II,GRAND LOMÉ,Agoè Zongo
060488,LUNETTERIE ANOPTIC,CENTRE DE LUNETTERIE,GRAND LOMÉ,"Lomé, Adidogomé, Bd du 30 août"
060489,CENTRE DE BASSE VISION ET OPTIQUE MEDICALE (CBVOM) SARL,CENTRE DE LUNETTERIE,GRAND LOMÉ,"Lomé, Attiégou, rue près de l'école IPL Les Savoirs M. Amah Biova Kossi HILLAH, Ingénieur de conception en optométrie et optique, Responsable de la Lunetterie"
060490,OMEGA OPTIQUE,CENTRE DE LUNETTERIE,GRAND LOMÉ,"Lomé, Massouhoun, rue Avenue de la chance Mme Akpénè Essivi AHIATSI, Technicienne Supérieure en optique lunetterie, Responsable de la lunetterie"
060491,CMS LA CONFIANCE,HOPITAL DE DISTRICT,GRAND LOMÉ,Adidogomé Wonyomé
060492,PHARMACIE DENIS,PHARMACIE,GRAND LOMÉ,"Agoè Kové, non loin du carrefour Kpogli Dr TAKOUDA Sambena M. Victoire, Docteur en pharmacie, Responsable de la pharmacie"
060493,CLINIQUE FLOREAL DE LOME,CHU,GRAND LOMÉ,"""Lomé, Agoè Anomè, non loin de l'hôtel Saint Mannick Dr KOUTENE Kossi, Médecin Généraliste, titulaire de la clinique"""
060494,CLINIQUE MEDICALE MAYO CLINIC,CHU,GRAND LOMÉ,"Lomé, Adidogomé Logoté"
060495,LUNETTERIE ESSENOU-OPTIQUE,CENTRE DE LUNETTERIE,GRAND LOMÉ,"Lomé, quartier Cassablanca à côté de la pharmacie Bon Secours M. ACKEY Amewanou Komi, Opticien, Responsable de la lunetterie"
060496,PHARMACIE ST PHILIPPE,PHARMACIE,GRAND LOMÉ,"Sanguéra, route nationale N° 5, à 80 mètres de la station d'essence OANDO Dr YERIMA-AKONDO Idi-Essa, Docteur en Pharmacie, Titulaire et Responsable de la pharmacie"
060497,CABINET DENTAIRE TCHAYEN,CHU,GRAND LOMÉ,"Agoè Assiyéyé, face Institut Technique KOUVAHEY Dr JIMONGOU Sambiani Kpangou, Chirurgien-dentiste, titulaire du cabinet"
060498,PHARMACIE CONSEIL,PHARMACIE,GRAND LOMÉ,"Carrefour du CEG Sagbado-Logoté, Dr KPATCHA-MOUZNA Essohanam, Docteur d'Etat en pharmacie et titulaire de la pharmacie"
060499,PHARMACIE LA NOUVELLE TULIPE,PHARMACIE,GRAND LOMÉ,"Agoè-Légbassito, route de Mission Tové près de la station CAP Dr AMENYAH Adjovie Séfako Epouse SENAH, Docteur en pharmacie, titulaire et Responsable de la pharmacie"
060500,CABINET MEDICAL DELTA-SANTE,CHU,GRAND LOMÉ,"Lomé, Gbossimè Attikpa Dr ADJAMGBA Ayayi Aguzo, Médecin-Généraliste, Responsable du Cabinet"
060501,CLINIQUE CHIRURGICALE DE WONYOME,CHU,GRAND LOMÉ,"""Lomé, Wonyomè, non loin de l'Eglise catholique Dr SODJI Kwamivi, Médecin Chirurgien, Orthopédiste et Traumatologue, Titulaire et Responsable de la clinique"""
060502,CLINIQUE MEDICALE SAINT ALFRED,CHU,GRAND LOMÉ,"""Lomé, Agoè Téléssou Dr BOUKARI OURO BOYA Taniratou, Médecin Généraliste, Titulaire et Responsable de la clinique"""
060503,PHARMACIE AGBALEPEDOGAN GROUPE C,PHARMACIE,GRAND LOMÉ,"""Lomé, rue de la Fraternité 232, Agbalépédogan groupe C Dr DOMINGO Djibril, Docteur en Pharmacie, Titulaire et Responsable de la Pharmacie"""
060504,CLINIQUE OASIS,CHU,GRAND LOMÉ,Légbassito Avinato
060505,CABINET DENTAIRE DEO GRATIAS,CHU,GRAND LOMÉ,"""Agoè Cacaveli non loin de la Cour d'Appel, von du CIB-INTA, rue derrière le bâtiment A de Formatec Dr MANGAMANA K. Bawubadi, Chirurgien-Dentiste, Responsable du Cabinet"""
060506,CLINIQUE MANDELA MADIBA,CHU,GRAND LOMÉ,"""Lomé, Adidogomè Madiba, non loin de ORABANK Assiyéyé Dr AGBOTRO Akoeba Kafui, Médecin Généraliste, Titulaire et Responsable de la clinique"""
060507,CABINET MEDICAL PATIENCE,CHU,GRAND LOMÉ,"""Amadahomé non loin de la BTCI Dr BALI Léleng Germaine, médecin Généraliste, Titulaire et Responsable du Cabinet Médical"""
060508,CABINET MEDICAL SEQUOIA,CHU,GRAND LOMÉ,"""Lomé, Agbalépédogan, deuxième von à gauche après la HAAC Dr AKOMATSRI Essenam, Médecin Généraliste, Titulaire et Responsable du cabinet médical"""
060509,CLINIQUE AVICIENNE,CHU,GRAND LOMÉ,"""Lomé, Agbalepédogan non loin de la gare routière Dr DOLEAGBENOU Komlan Mawulolo, Médecin généraliste, Titulaire et responsable de la clinique"""
060510,CABINET MEDICAL LE MESSIE,CHU,GRAND LOMÉ,"""Lomé, Avédji, rue CAP Amandahomé Dr SOUSSOU Ayaovi Dziyédzom, Médecin Généraliste, Titulaire et Responsable du Cabinet médical"""
060511,PHARMACIE ADOUNI,PHARMACIE,GRAND LOMÉ,"""Lomé, Vakpossito-Logogomé, près du carrefour AISED Dr RASAK Soukouratou, Docteur en pharmacie, Titulaire et Responsable de la pharmacie"""
060512,CLINIQUE TITUS,CHU,GRAND LOMÉ,"Lomé, Agodéké, canton de Baguida non loin de la maison royale Dr NORMAN Keith Claudia Adjoa Sika, Médecin Généraliste, Titulaire et Responsable de la clinique"
060513,CLINIQUE MEDICO CARDIOLOGIQUE COEUR DE GRACE SARL,CHU,GRAND LOMÉ,"""Lomé, Totsivi-Gblinkomé, Rue Agbodi, 5ème von à gauche en venant des pavés de Djidjolé, non loin de la salle des Témoins de Jéhovah Dr EHLAN Koffi Efadji, Médecin cardiologue, Titulaire et Responsable"
060514,PHARMACIE «AMEN»,PHARMACIE,GRAND LOMÉ,"""Adétikopé, non loin du marché et de l'église catholique Dr VUKE- WELEDJI Sitsopé Amen, Titulaire et Responsable de la pharmacie"""
060515,CLINIQUE MEDICALE EMMADILE,CHU,GRAND LOMÉ,"Lomé, Amadahomé"
060516,CABINET MEDICAL «ZOE»,CHU,GRAND LOMÉ,"""Lomé, Avenou, bd du 30 août, rue, église des Assemblées de Dieu (temple Mont Carmel) Dr TODO- ALIPUI Ablavi Ena, Médecin cardiologue, titulaire et responsable du cabinet"""
060517,CMS LE SEUL,USP type II,GRAND LOMÉ,"Lomé, Agoè Atiomé"
060518,PHARMACIE «J- MIMSHAK»,PHARMACIE,GRAND LOMÉ,"""Lomé, Tokoin wuiti, 964, rue de Tchamba, ancien site de la pharmacie OUSIA POUR LA VIE Dr BATANATA Manawèsoué Micheline, Docteur en pharmacie, titulaire et responsable de la pharmacie"""
060519,PHARMACIE ASSURANCE,PHARMACIE,GRAND LOMÉ,Adétikopé
060520,CABINET DENTAIRE LA PATIENCE,CHU,GRAND LOMÉ,"Agoè-Nyivé, Koffi Panou Dr SOGOYOU Sim, Chirurgien- dentiste, Titulaire et Responsable du cabinet"
060521,PHARMACIE DE SEGBE,PHARMACIE,GRAND LOMÉ,"Ségbé, quartier Zanvi, près de l'EPP et du CEG Ségbé Dr ATTITSO Adjo mawulie, Docteur d'Etat en pharmacie, Titulaire et Responsable de la pharmacie"
060522,CLINIQUE LE PEUPLIER,CHR,GRAND LOMÉ,"Agoè logopé, non loin du bar Océanos"
060523,CMS LA SOLUTION,USP type II,GRAND LOMÉ,Agoè Légbassito (Kové) non loin du carrefour Napoléon
060524,CMS NOTRE DAME DE L'ESPERANCE,HOPITAL DE DISTRICT,GRAND LOMÉ,Tokoin séminaire dans l'enceinte des Saints Martyrs de l'Ouganda
060525,CABINET MEDICAL SAINT EMMANUEL,CHU,GRAND LOMÉ,"Lomé, Agoè-Cacaveli, à 500 mètres de la nouvelle Cour d'Appel, palais du Renouveau Dr AMAKOUTOU Kouami, Médecin généraliste, Titulaire du cabinet Dr ANAYO Komla Nyinèvi, Médecin neurologue, Responsable du cabinet"
060526,CLINIQUE DU CENTRE,CHU,GRAND LOMÉ,"Lomé, Djidjolé, 127 rue Aflao-Gakli, face à la pharmacie Djidjolé Dr WEBIKE Mindamou Dadja, Médecin généraliste, Titulaire et Responsable de la clinique"
060527,PHARMACIE CLEMENCE,PHARMACIE,GRAND LOMÉ,"Agoè-Cacaveli, Près de l'agence CEET"
060528,CMS VALLEE DE BERACA,CHR,GRAND LOMÉ,"Agoè-Nyivé, Vakpossito non loin du carrefour FICHE Dr TSEDI Kodzo Edemvi, Médecin généraliste, Représentant de l'association Dr MEDEDJI Mawoussé, Médecin généraliste, Responsable du CMS"
060529,PHARMACIE ELEMAWUSSI,PHARMACIE,GRAND LOMÉ,"Adétikopé, quartier Medina, sur la nationale N° 1 Dr AHANOGBE Kokou Anani Lem, Docteur en Pharmacie, Titulaire et Responsable de la pharmacie"
060530,CABINET DENTAIRE DONIN,CHU,GRAND LOMÉ,"782, Bd de PYA, Djidjolé, Aflao- Gakli, Immeuble en face de la rue menant vers le palais du chef canton Dr DJAGBA Todin Dovi, Chirurgien-Dentiste, Responsable du cabinet"
060531,CLINIQUE MEDICO- PSYCHIATRIQUE DE LOME,CHU,GRAND LOMÉ,"Agoè-Zongo, von de la BTCI Dr GBETOGBE Komlan Mawuko, Médecin psychiatre, Titulaire et responsable de la clinique"
060532,CABINET MEDICAL ELITE,CHU,GRAND LOMÉ,"Agoé SORADE, non loin de Fil'O Parc et du dépôt d'eau Vitale"
060533,CLINIQUE DE L'ATLANTIQUE,CHU,GRAND LOMÉ,"Lomé, route nationale N° 2, Baguida- Bateauvi"
060534,PHARMACIE CITRUS,PHARMACIE,GRAND LOMÉ,"Lomé, Attiégou DVA sur le grand contournement Dr AKUETEY- AKUE Adolé Akossiwa,Docteur d'Etat en Pharmacie, Titulaire et responsable de la pharmacie"
060535,CMS LE RECONFORT,CHU,GRAND LOMÉ,"Agoè Adjougba, en face de l'EPP Adjougba SORAD 2, sur le prolongement de la CEET Kégué Dr AJAVON Ayi Emmanuel, Titulaire et Responsable du centre"
060536,CLINIQUE LA MISERICORDE,CHU,GRAND LOMÉ,"Agoè-Logopé, non loin de l'école privée la Bruyère, von face pharmacie LA BARAKAT Dr AGBO Vidékon Stanislas, Médecin Généraliste, Titulaire et Directeur Général de la clinique"
060537,CABINET MEDICAL SAINT PIO,CHU,GRAND LOMÉ,"Route de Kpalimé, 5683 Bd du 30 août, Avénou Dr ASSIMA Dewouliwa Nana Claire, Titulaire du centre Dr GUEDENON Koffi Mawuse, Responsable du centre"
060538,CLINIQUE MEDICALE SAINT FRANCOIS PREMIER,CHU,GRAND LOMÉ,"Agoè Zongo, 2ème von à gauche derrière la poste Dr KOUGNAGLO Kokouvi Adjéwoda, Médecin Généraliste, Titulaire et Directeur Général de la clinique"
060539,PHARMACIE LE ROCHER,PHARMACIE,GRAND LOMÉ,"Agoè-Zongo après le terrain de Golf Agoè, Nationale N°1 Dr SAMAH- MOLA Fahimatou, Docteur d'Etat en Pharmacie, Titulaire et Responsable de la Pharmacie"
060540,PHARMACIE NELLY'S,PHARMACIE,GRAND LOMÉ,"Lomé, Adidogomè Klémé non loin du château d'eau Dr LAWSON- CHROCO Latré Rachel Nathalie, Docteur en Pharmacie, Titulaire et Responsable de la Pharmacie"
060542,CABINET MEDICAL LE POINT DU JOUR,CHU,GRAND LOMÉ,"128, Rue Tantigou, Tokoin Cébévito Dr BELO Moufo, Médecin Neurologue, titulaire et Responsable du Cabinet médical"
060543,CLINIQUE DE GYNECOLOGIE OBSTETRIQUE SHEKINA,CHU,GRAND LOMÉ,"Agoè-Logopé, à côté du complexe scolaire Bruyère, dans la von de l'entreprise GEOTECH"
060544,CMS MISERICORDIA,CHU,GRAND LOMÉ,"Quartier Agbalépédogan, venant de la HAAC, premier von à gauche après la pharmacie Vigueur, Lomé. Dr. SATO Aléki, Médecin généraliste, Responsable du CMS"
060545,PHARMACIE EL-NISSI,PHARMACIE,GRAND LOMÉ,"Lomé, Adidogomé, Apédokoè- Gbomamè Dr DZOTSI Komla Senam Victor, Docteur d'Etat en pharmacie, Titulaire et Responsable de la pharmacie"
060546,PHARMACIE EVA,PHARMACIE,GRAND LOMÉ,"Zanguera Klikamé, non loin de la station T-Oil AKPOTO- KOUGBLENOU Apéli Adjoa Jennifer, Docteur d'Etat en pharmacie, Titulaire et Responsable de la pharmacie"
060547,CMS OSER,USP type II,GRAND LOMÉ,"Agoè Légbassito après la pharmacie M'BA M. M'BOUSSI Pyabalo Essohounamotom, Assistant médical, Directeur du Centre"
060548,CLINIQUE MYRA,CHU,GRAND LOMÉ,"Togblékopé, carrefour Herman, Immeuble pharmacie Zongo. Pr N'DAKENA Koffi Gilbert, médecin radiologue, Titulaire et Responsable"
060549,CLINIQUE VIRGO MARIA,CHU,GRAND LOMÉ,"Carrefour Kégué après le stade en allant vers la haute tension à gauche. Dr BALLEBAKO Djètéga Banssaga Rodrigue, Médecin Gynécologue Obstétricien, Titulaire et Responsable"
060550,PHARMACIE DU CHÂTEAU D'EAU,PHARMACIE,GRAND LOMÉ,"Lomé, Bè Château, Avenue Augustino de Zouza, près du Château d'eau de Bè"
060551,CLINIQUE LA TROMPETTE,CHU,GRAND LOMÉ,"Agoè Démakpoe Camp FIR Dr FORTEY Kossi Afenyo, Médecin Titulaire de la clinique"
060552,CMS MA GUERISON,HOPITAL DE DISTRICT,GRAND LOMÉ,"Agoè Légbassito, quartier Avinato Dr MEDEDJI Mawoussé, Médecin Généraliste, Titulaire du Centre Dr TCHALA Abou-Bakari, Médecin Généraliste, Responsable du centre"
060553,CLINIQUE MEDICALE TELLA'A,CHU,GRAND LOMÉ,"Adidogomè-Apédokoè à 100 m de l'institut Polytechnique du Golfe (IPG) en allant vers l'agence CEET de Sagbado Dr AMOUZOU Dadjo, Médecin Généraliste, Titulaire et Responsable du cabinet"
060554,CLINIQUE AIR MED,CHU,GRAND LOMÉ,"Agoè-Légbassito, sur la route de Mission Tové, non loin de la pharmacie M'BA dans la rue face à la quincallerie WAROU Dr ALFA Naka, Médecin Cardiologue, Titulaire et Responsable de la clinique"
060555,CLINIQUE NEW,CHR,GRAND LOMÉ,"Agoè-Atiomé, carredour Kponsé- Kopé Dr BETINGNE Mingolibe Nabé, Médecin Généraliste, Titulaire et Responsable de la Clinique"
060556,CMS HOSANNA,USP type II,GRAND LOMÉ,Golfe1
060557,PHARMACIE IRIS,PHARMACIE,GRAND LOMÉ,"Lomé, Aflao Adidogomé- Amandahomé, immeuble HAVON non loin de la station CAP à côté de Casses Auto"
060558,CMS MON SEIGNEUR JOSEPH STREBLER,HOPITAL DE DISTRICT,GRAND LOMÉ,Golfe1
060559,CMS ELEOS,HOPITAL DE DISTRICT,GRAND LOMÉ,Golfe1
060560,CABINET MEDICAL LES COLOMBES,CHU,GRAND LOMÉ,"Adidogomé-Assiyéyé, sur la route l'IPG-SAGBADO, derrière l'agence de la CEET Dr AFFOH-KASSAN Obidon, Médecin Généraliste, Titulaire du Cabinet Dr ADZATO Kofi Dodzi, Médecin Pédiatre, Gérant et Responsable des Soins"
060561,CMS ORAPES,USP type II,GRAND LOMÉ,Adidogomé
060562,CLINIQUE LA SERENITE,CHU,GRAND LOMÉ,"Lomé, Ségbé, derrière l'église catholique Dr AMEBOUBE Komi Séyram, Médecin généraliste, Titulaire et Responsable de la clinique"
060563,CMS BENEDICTION,CHR,GRAND LOMÉ,
060564,CLINIQUE NATHANAEL,CHU,GRAND LOMÉ,"Lomé, Tokoin Cassablanca, rue l'Est-Mono 197 ABV Dr OURO-AKPO Manaaf, Médecin généraliste, Titulaire et Responsable de la clinique"
060565,CABINET DE SOINS INFIRMIERS SANTE ESPOIR,USP type I,GRAND LOMÉ,"Agoè-Nyivé 6, Adétikopé avant le péage de Davié M. BAKAI Magnim Michel, Infirmier diplômé d'Etat, Titulaire et Responsable du centre"
060566,CLINIQUE RENAISSANCE,CHU,GRAND LOMÉ,"Agoè Sogbossito, rue Kpobie, 3ème von à droite, non loin de la station SOMAYAF Dr BATE Laré Palemangue, Médecin Généraliste, Titulaire et Responsable du centre"
060567,CLINIQUE MEDICO- CHIRURGICALE DES GRACES,CHU,GRAND LOMÉ,Agoè Démakpoè
060568,DAMA CLINIC,CHU,GRAND LOMÉ,"Akodéssewa non loin de l'hôtel SARAKAWA Dr ATAYI Ayikoé Raymond, Médecin généraliste, titulaire de la clinique Dr AGBOFOATI Bright D. Kodzovi, médecin gynécologue, Responsable de la clinique"
060569,PHARMACIE LIDDY,PHARMACIE,GRAND LOMÉ,"Djikamé en face de la réserve militaire Dr AGBENDA Pirénam Aimée, Docteur en pharmacie, Titulaire et Responsable de la pharmacie"
060570,PHARMACIE ZOPOMAHE,PHARMACIE,GRAND LOMÉ,"Zopomahe sur la route Zossime- Sanguera non loin loin des témoins de Jehovah Dr YANDI Manonwotikpoh, Docteur en pharmacie, Titulaire et Responsable de la pharmacie"
060571,INFIRMERIE DE LA LONATO,USP type I,GRAND LOMÉ,"2470, Avenue de la chance, Lomé, Agbalepedogan M. FAYA Akpéléssim, Master Sécurité, Santé au Travail, Responsable de l'Infirmerie"
060572,CMS UNIVERS SANTE,USP type I,GRAND LOMÉ,"Légbassito, Ahonkpoè Avékponou M. AGBENU Koffi Sitsopé, Assistant médical, Titulaire et Responsable du CMS"
060573,PHARMACIE AZUR,PHARMACIE,GRAND LOMÉ,Adidogomé Atigangomé Gbomamé
060574,INFIRMERIE DE L'ECOLE NATIONALE D'ADMINISTRATION (ENA),INFIRMERIE,GRAND LOMÉ,"Avenue de la Libération, quartier des Etoiles Dr TCHAPIDE-TRAORE Achraf, Médecin Généraliste, Responsable de l'Infirmerie"
060575,SOGEPH SA (HOPITAL DOGTA-LAFIE),NIVEAU DE SOINS 4,GRAND LOMÉ,"Agoe-Zongo, route nationale N° 1 Dr Tandore SALI, Directeur Général de l'hôpital Dr Eyouvei AKATA, Responsable des soins"
060576,CABINET MEDICAL D'OPHTALMOLOGIE HORUS,CHU,GRAND LOMÉ,Agbalepedo
060577,CABINET D'ASSISTANT MEDICAL ONIS,USP type II,GRAND LOMÉ,Agoè-Démakpoè
060578,CLINIQUE DE L'ALLIANCE,CHU,GRAND LOMÉ,Avénou à coté de l'église évangélique
060579,PHARMACIE LA SHEKINAH,PHARMACIE,GRAND LOMÉ,Légbassito Atiomé
060580,CLINIQUE PENIEL,CHU,GRAND LOMÉ,"Canton de Zanguéra, Atilamonou, rue de l'Eglise pentecôte en face de l'usine de tuyauterie"
060581,CMS PEM,USP type II,GRAND LOMÉ,Zanguéra Vogomé
060582,CABINET D'OPHTALMOLOGIE MAISON DES YEUX ESSINAM,CHU,GRAND LOMÉ,"Agoè-Téléssou, non loin de la brigade anti-criminalité"
060583,CLINIQUE MEDICALE MAKKAH AL MOUKARRAMAH,CHU,GRAND LOMÉ,"AGOE ANOKOUI, en face de CCL"
060584,CABINET MEDICAL SAINT LAZARE,CHU,GRAND LOMÉ,"AGOE PLANTATION, DERRIERE FIL'O PARK"
060585,CLINIQUE SPECIALISEE DE CARDIOLOGIE COEUR SACRE,CHU,GRAND LOMÉ,"AGOE-ASSIYEYE, à 200 m du marché"
060586,CLINIQUE EPHATA,CHU,GRAND LOMÉ,"SAGBADO-AGOTIME ; Dr N'TSOUKOU Komi Edem, Médecin généraliste, Titulaire et Responsable de la clinique"
060587,PHARMACIE LA PROSPERITE,PHARMACIE,GRAND LOMÉ,"Bd Eyadema, angle rue Kokoté"
060588,PHARMACIE ALTA,PHARMACIE,GRAND LOMÉ,
060589,PHARMACIE AGBEGNIGAN,PHARMACIE,GRAND LOMÉ,"Tokoin-Ramco, Avenue de la Libération près de BOMACO"
060590,CLINIQUE MEDICALE LES ARCADES,CHU,GRAND LOMÉ,Adidogomé-Apédokoè
060591,CLINIQUE MEDICALE DZIFA,CHU,GRAND LOMÉ,Adidogomé Wonyomé
060592,USP NYIVEMEGBLE,USP type I,GRAND LOMÉ,"NYIVEMEGBLE ; M. DAHOGO Larba, Responsable du centre"
060593,CMS MAISON DU HADJ,CHU,GRAND LOMÉ,Hédzranawoé Maison du Hadj
060594,CLINIQUE ORTELA,CHU,GRAND LOMÉ,"Lomé, Agbalépédo"
060595,CLINIQUE MEDICALE PAIN DE VIE,CHU,GRAND LOMÉ,Adidogomé-Apédokoé
060596,INFIRMERIE COMMUNE GOLFE 1,INFIRMERIE,GRAND LOMÉ,"36, Avenue Bè-Pa de SOUZA"
060597,LABORATOIRE D'ANALYSE MEDICALE «DAS LABOR»,CHU,GRAND LOMÉ,"Tokoin Habitat, rue des Cygnes (ancien siège ANASAP)"
060598,PHARMACIE EL NOUR,PHARMACIE,GRAND LOMÉ,"Alinka, quartier Nyiveme Gble"
060599,CABINET DE SOINS INFIRMIERS EDZODZINAM,USP type I,GRAND LOMÉ,"Ségbé, ancienne Douane, Près de l'EEPT ; Mme MISSIHU Adjoto Venunye, Infirmière diplômée d'Etat, Responsable du cabinet"
060600,CLINIQUE LES P'TITS ANGES,CHU,GRAND LOMÉ,"Lomé, Djidjolé non loin du Commissariat ; Dr Cynthia Adjowa EVLO, Médecin Généraliste, Responsable de la Clinique"
060601,INFIRMERIE DE L'INSTITUT NATIONAL D'HYGIENE (INH),INFIRMERIE,GRAND LOMÉ,"26, rue Nangbeto ; Dr MOUZOU Tchilalo, Responsable de l'infirmerie"
060602,CABINET MEDICAL EMERAUDE,CHU,GRAND LOMÉ,"LOME, ATTIEGLomé, Attiégou ; Dr ADJOGBLE Gagnon Carmel, Médecin Généraliste, Titulaire et Responsable du Cabinet"
060603,CABINET MEDICAL SAM,CHU,GRAND LOMÉ,"Agoè-Légbassito, route du contournement, derrière la station d'essence T-OIL ; Dr TOGBEY Kwamy, Titulaire et Responsable du Cabinet médical"
060604,CLINIQUE DE NEPHROLOGIE CESAR,CHU,GRAND LOMÉ,"Lomé, Attiégou ; Dr TONA Komlan Georges, Médecin néphrologue, Titulaire et Responsable de la clinique"
060605,CLINIQUE NOVISSI,HOPITAL DE DISTRICT,GRAND LOMÉ,"Lomé Hédzranawoé face à la Gendarmerie de l'Aéroport Dr LAWSON Boevi Awuku, Titulaire et Responsable de la clinique"
060606,CMS LAETUS-TOGO,USP type II,GRAND LOMÉ,Adidogomè-Wonyomè
060607,CMS AMENUVEVE,USP type II,GRAND LOMÉ,Yokoe Agblégan
060608,CMS DON DE LA VIE,USP type II,GRAND LOMÉ,Ségbé-Akato
060609,CABINET DE KINESITHERAPIE KINEDOM,HOPITAL DE DISTRICT,GRAND LOMÉ,Avédji Coconut
060610,CLINIQUE MEDICALE ST CLEMENT EFRATA,CHU,GRAND LOMÉ,Hédzranawoé
060611,PHARMACIE MADINA,PHARMACIE,GRAND LOMÉ,"Bd jean Paul II, Wuiti en face de la cité de la CNSS"
060612,CLINIQUE MEDICALE LE JOURDAIN,CHU,GRAND LOMÉ,"Ségbé Akato, non loin de la frontière Togo-Ghana"
060613,CLINIQUE MEDICALE ALYAH,CHU,GRAND LOMÉ,"148, rue Agbalepedogan"
060614,CMS SANTE ESPOIR,HOPITAL DE DISTRICT,GRAND LOMÉ,Adétikopé
060615,INFIRMERIE BB LOME,INFIRMERIE,GRAND LOMÉ,"AGOE-CACAVELI, en face de l'Etat Major"
060616,CLINIQUE HANIEL,CHU,GRAND LOMÉ,"Ségbé, derrière Total Energium"
060617,CABINET DENTAIRE SALVE REGINA,CHU,GRAND LOMÉ,Adidogomé-Awatamé
060618,LUNETTERIE MEDICALE OPTIC'S EDEN,CENTRE DE LUNETTERIE,GRAND LOMÉ,"Lomé, Tokoin-Doumasséssé non loin de la pharmacie St KISITO"
060619,CLINIQUE MEDICALE ROMANUS,CHU,GRAND LOMÉ,"Lomé, Avédji"
060620,CMS SANTE ELITE,USP type II,GRAND LOMÉ,Togblécopé
060621,CLINIQUE D'ACCOUCHEMENT EUTOCIQUE ELIKE,USP type II,GRAND LOMÉ,Hédzranawoé Assivimé
060622,CLINIQUE MEDICALE EAGLE AFRICA INTERNATIONAL,CHU,GRAND LOMÉ,"Lomé, Tokoin-Ramco"
060623,CABINET MEDICAL ABETI,CHU,GRAND LOMÉ,"Agoè-Zossimè, Dalimé"
060624,CLINIQUE MEDICALE VALEO,CHU,GRAND LOMÉ,"Baguida, face à la station TOTAL"
060625,CABINET MEDICAL Dr PAKU,CHU,GRAND LOMÉ,Tokoin-Cassablanca
060626,PHARMACIE SEPOPO,PHARMACIE,GRAND LOMÉ,"Adakpamé Sawleto sur le grand contournement, non loin de la station SOMAYAF"
060627,PHARMACIE DODJI,PHARMACIE,GRAND LOMÉ,"Ségbé, Akato Viépé"
060628,CMS EWOEVO,USP type II,GRAND LOMÉ,"Adidogomé Yokoé, non loin du CEG"
060629,CMS GRACE DIVINE,USP type II,GRAND LOMÉ,AGOE-AHONKPOE
060630,CMS AVEPOZO,USP type II,GRAND LOMÉ,AVEPOZO
060631,PHARMACIE WASTINE,PHARMACIE,GRAND LOMÉ,Adidogomé Sagbado
060632,SERVICE DE SANTE DE L'OTR,INFIRMERIE,GRAND LOMÉ,"41, rue des impôts"
060633,INFIRMERIE SOTRAL,INFIRMERIE,GRAND LOMÉ,
060634,CMS IBAWI ILERA,USP type II,GRAND LOMÉ,Apédokoé-Gbomamé
060635,CABINET DE SOINS INFIRMIERS BETHESDA,USP type I,GRAND LOMÉ,légbassito
060636,CLINIQUE MEDICALE ASSILASSIME FRANCESCO,CHU,GRAND LOMÉ,ADETIKOPE AGOUTE
060637,CLINIQUE HHADEN,CHU,GRAND LOMÉ,Agoè-Telessou
060638,CABINET D'OPHTALMOLOGIE SIGHT & VISION,CHU,GRAND LOMÉ,"Lomé, Avénou, face à la station Total"
060639,PHARMACIE MATHILDA,PHARMACIE,GRAND LOMÉ,"Lomé, rue des Evalas, Agbalépédogan"
060640,PHARMACIE HYGEA,PHARMACIE,GRAND LOMÉ,Baguida derrière le lycée
060641,PHARMACIE LA RUCHE,PHARMACIE,GRAND LOMÉ,"Lomé, Attiégou, sur la voie menant au contournement"
060642,CMS JEAN JACQUES BAZIN,HOPITAL DE DISTRICT,GRAND LOMÉ,"Kégué, sur la rue de Kpatcha"
060643,CMS FOREVER- GRACE,USP type II,GRAND LOMÉ,Zopomahé
060644,CABINET MEDICAL SAINT NICOLAS,CHU,GRAND LOMÉ,"Lomé, kégué, dans la rue de l'HAPLUCIA"
060645,PHARMACIE GRATITUDE,PHARMACIE,GRAND LOMÉ,"Légbassito, carrefour Zovadjin"
060646,PHARMACIE SAG'BIBA,PHARMACIE,GRAND LOMÉ,"Nanégbé, à côté de la station T-oil"
060647,PHARMACIE SALA HOUBEIDA,PHARMACIE,GRAND LOMÉ,Agoè-Kélégougan
060648,PHARMACIE ZILIDJI,PHARMACIE,GRAND LOMÉ,"Agoè-Zongo, derrière le marché"
060649,MAMA CLINIQUE,CHU,GRAND LOMÉ,"Lomé, Léo 2000 près de l'église la Grande Grâce"
060650,CABINET D'ASSISTANT MEDICAL MARIE,USP type II,GRAND LOMÉ,Agoè-Vakpossito REINE DES VIERGES
060651,LUNETTERIE OPTIQUE L'OPTIMUM,CENTRE DE LUNETTERIE,GRAND LOMÉ,"Lomé, Grand marché de Cacaveli à droite de l'entrée principale"
060652,PHARMACIE PRINCIPALE,PHARMACIE,GRAND LOMÉ,"Kpogan, Yovo kopé"
060653,CABINET MEDICAL D'OPHTALMOLOGIE WINIGA,CHU,GRAND LOMÉ,Agoè Anomé maison NONON SAA Kassoula non loin du carrefour 2
060654,PHARMACIE EL-SALI,PHARMACIE,GRAND LOMÉ,"Lomé, Aflao Apédokoè, sur la Nationale n°5"
060655,LABORATOIRE D'ANALYSE DE BIOLOGIE MEDICALE WESTLAB24,CHU,GRAND LOMÉ,"AGOE GBONVE, non loin du carrefour 02 LIONS"
060656,PHARMACIE GREENRX,PHARMACIE,GRAND LOMÉ,Ségbé non loin de la FUCEC
060657,PHARMACIE DAFEANNE,PHARMACIE,GRAND LOMÉ,"Agoè-sogbossito, non loin de l'école PATER VOLUNTAS"
060658,CLINIQUE MEDICALE FAFA,CHU,GRAND LOMÉ,"Lomé, Attiégou, carrefour DVA"
060659,CLINIQUE MEDICALE BOLANILOL-MILE,HOPITAL DE DISTRICT,GRAND LOMÉ,Agoè Légbassito en face de l'église évangélique presbytérienne
060660,CLINIQUE KEKE,CHR,GRAND LOMÉ,"Klevegble,"
060661,PHARMACIE DE LA MARINA,PHARMACIE,GRAND LOMÉ,kodjoviakope
060662,CLINIQUE MEDICALE NEEMA,CHU,GRAND LOMÉ,Adidogomé Sagbado
060663,CABINET VISION EXPLO,CHU,GRAND LOMÉ,Tokoin forever
060664,CENTRE MEDICO- SOCIAL LA GLOIRE,USP type II,GRAND LOMÉ,Kégue sur la route de kpatcha
060665,CENTRE MEDICO SOCIAL LA PROVIDENCE,USP type II,GRAND LOMÉ,Agoè Ahonkpoè
060667,PHARMACIE SAINT SYLVESTRE,PHARMACIE,GRAND LOMÉ,Rond point de Sanyramé non loin de l'église catholique de Sanyramé
060668,PHARMACIE AUREOLE,PHARMACIE,GRAND LOMÉ,Agoè Trokpossimé au carrefour camp GP
060669,CENTRE MEDICO- SOCIAL BIENHEUREUX LUIGI TEZZA,CHR,GRAND LOMÉ,ATTIDJIN. AU BORD DU BOULEVARD LOME-KPALIME
060670,CENTRE MEDICO- SOCIAL SAINT AUGUSTIN,HOPITAL DE DISTRICT,GRAND LOMÉ,Quartier Sanguéra Assikor
060671,CABINET DE KINESITHERAPIE KINE-PRO,USP type II,GRAND LOMÉ,"Adétikopé (Agoute), 100 m avant Complexe scolaire Astuce, sur la voie du marché"
060672,PHARMACIE MAA-LA,PHARMACIE,GRAND LOMÉ,Agoè Démakpoè
060673,CABINET MEDICAL LOTIE,CHU,GRAND LOMÉ,Cacavéli Lossossimé
060674,CLINIQUE MOHAMED,CHU,GRAND LOMÉ,Lomé 03- Près du CS Blaise Pascal
060675,CLINQUE MEDICO- CHIRURGICALE DE LA VISION DE LOME,CHU,GRAND LOMÉ,Agoè Télessou
060676,PHARMACIE MAWULOM,PHARMACIE,GRAND LOMÉ,Athiémé carrefour KPONSE
060677,PHARMACIE YESHUA,PHARMACIE,GRAND LOMÉ,VAKPOSSITO entre les CMS mur et Maranatha
060678,INFIRMERIE FLEUVE DE VIE,USP type I,GRAND LOMÉ,Kohé
060679,CLINIQUE SPECIALISEE D'ORTHOPEDIE- TRAUMATOLOGIE SAINTE CATHERINE HEALTH AND CARE,CHU,GRAND LOMÉ,Agoè Anokui
060680,PHARMACIE KELEGOUGAN,PHARMACIE,GRAND LOMÉ,Agoè Kélégougan non loin de la station Total Kélégougan
060681,PHARMACIE OBSERVANCE,PHARMACIE,GRAND LOMÉ,"Sogbossito, en face de la station Total Energie, non loin du premier bataillon d'intervention rapide"
060682,PHARMACIE VERONIQUE,PHARMACIE,GRAND LOMÉ,Kpogan non loin de l'école de la gendarmerie
060683,INFIRMERIE DE CIMTOGO,INFIRMERIE,GRAND LOMÉ,"Cimtogo, zone portuaire"
060684,INFIRMERIE DE L'ORGANISATION DE LA CHARITE POUR UN DEVELOPPEMENT INTEGRAL,INFIRMERIE,GRAND LOMÉ,Hédzranawoé 41 RUE HDN
060685,CLINIQUE ALPIA,CHU,GRAND LOMÉ,"Hanooukopé, 367 rue des Manguiers"
060686,INFIRMERIE AFRICAN LEASE TOGO,INFIRMERIE,GRAND LOMÉ,En face de l' hotel Palm Beach
060687,PHARMACIE SAINT PIO,PHARMACIE,GRAND LOMÉ,Klobatème non loin du cms Klobatème
060688,INFIRMERIE DU GROUPE EVAME SA,INFIRMERIE,GRAND LOMÉ,Dékon immeuble Haojue au 4eme étage
060689,CABINET MEDICAL D'OPHTALMOLOGIE IRIS,CHU,GRAND LOMÉ,Téléssou
060690,CENTRE MEDICO- SOCIAL CMS MERE ET ENFANT ZENAB,HOPITAL DE DISTRICT,GRAND LOMÉ,"Quartier Fidokpui, Canton de Togblékopé"
060691,INFIRMERIE DE L'UTB CIRCULAIRE,INFIRMERIE,GRAND LOMÉ,Kodjoviakopé
060692,CABINET MEDICAL D'OTO-RHINO- LARYNGOLOGIE LA ROSEE ORL,CHU,GRAND LOMÉ,Hédzranawoé
060693,PHARMACIE TRIOMPHE,PHARMACIE,GRAND LOMÉ,carrefour Kpala
060694,CABINET MEDICAL MON DOCTEUR,CHU,GRAND LOMÉ,"quartier Kpessoudji, derrière la pharmacie Hosanna"
060695,CENTRE MEDICO- SOCIAL DE LA SOCIETE AEROPORTUAIRE LOME TOKOIN,INFIRMERIE,GRAND LOMÉ,à côté de l'aéroport au niveau du quartier Tokoin
060696,CABINET DE SOINS INFIRMIER FAFA,USP type I,GRAND LOMÉ,Zanguéra Sanyramé Centre
060697,HOPITAL DE LA PREMIERE REGION MILITAIRE (HRM1),CHU,GRAND LOMÉ,Cacavéli dans l'enceinte de la Gendarmerie Nationale
060698,POLYCLINIQUE POLYCLINELLE WOSSINU ET GBOGBO,CHU,GRAND LOMÉ,Avé Maria
060699,INFIRMERIE DE CORIS BANK INTERNATIONAL,INFIRMERIE,GRAND LOMÉ,"Lomé, bd du 13 janvier, Angle Rue Souza Nétimé"
060700,PHARMACIE DE LA NATION,PHARMACIE,GRAND LOMÉ,Totsi en face de l'ECOBANK
060701,CABINET DE PHYSIOTHERAPIE BAUME DE GALAAD,USP type II,GRAND LOMÉ,"Totsi, près de l'ECOBANK"
060702,HOPITAL PRIVE SAINT CAMILLE,CHR,GRAND LOMÉ,Adakpamé
060703,CABINET MEDICAL SPECIALISE EN,CHU,GRAND LOMÉ,Bè-Klikamé CARDIOLOGIE COEUR ET VIE
060704,LUNETTERIE HOLALI OPTIC,CENTRE DE LUNETTERIE,GRAND LOMÉ,Cité Millénium
060705,LUNETTERIE LUMIERE VISION,CENTRE DE LUNETTERIE,GRAND LOMÉ,Avenou
060706,CLINIQUE MEDICALE EMA,CHU,GRAND LOMÉ,Avénou
060707,CLINIQUE MEDICALE RABBOUNI,CHU,GRAND LOMÉ,"Avépozo, derrière la pharmacie Avépozo"
060708,LUNETTERIE CLAIR OPTIC SALR,CENTRE DE LUNETTERIE,GRAND LOMÉ,Tokoin Soted
060709,LUNETTERIE MICALEX OPTIQUE,CENTRE DE LUNETTERIE,GRAND LOMÉ,Dékon
060710,CENTRE MEDICO- SOCIAL LOTIE,HOPITAL DE DISTRICT,GRAND LOMÉ,Vakpossito-Assigomé
